datetime,PM2.5
2022-01-01 01:00:00,36.84
2022-01-01 02:00:00,33.76
2022-01-01 03:00:00,36.27
2022-01-01 04:00:00,42.84
2022-01-01 05:00:00,38.95
2022-01-01 06:00:00,14.03
2022-01-01 07:00:00,20.99
2022-01-01 08:00:00,17.06
2022-01-01 09:00:00,19.34
2022-01-01 10:00:00,18.95
2022-01-01 11:00:00,16.55
2022-01-01 12:00:00,13.11
2022-01-01 13:00:00,8.62
2022-01-01 14:00:00,7.9
2022-01-01 15:00:00,9.89
2022-01-01 16:00:00,15.5
2022-01-01 17:00:00,32.8
2022-01-01 18:00:00,25.85
2022-01-01 19:00:00,24.52
2022-01-01 20:00:00,28.25
2022-01-01 21:00:00,28.92
2022-01-01 22:00:00,21.89
2022-01-01 23:00:00,14.89
2022-01-02 00:00:00,26.79
2022-01-02 01:00:00,22.13
2022-01-02 02:00:00,28.29
2022-01-02 03:00:00,25.78
2022-01-02 04:00:00,22.31
2022-01-02 05:00:00,33.56
2022-01-02 06:00:00,21.29
2022-01-02 07:00:00,12.89
2022-01-02 08:00:00,8.11
2022-01-02 09:00:00,8.81
2022-01-02 10:00:00,8.05
2022-01-02 11:00:00,8.59
2022-01-02 12:00:00,8.14
2022-01-02 13:00:00,10.07
2022-01-02 14:00:00,8.62
2022-01-02 15:00:00,9.57
2022-01-02 16:00:00,18.83
2022-01-02 17:00:00,45.59
2022-01-02 18:00:00,39.76
2022-01-02 19:00:00,40.53
2022-01-02 20:00:00,39.91
2022-01-02 21:00:00,21.66
2022-01-02 22:00:00,14.47
2022-01-02 23:00:00,21.49
2022-01-03 00:00:00,37.68
2022-01-03 01:00:00,30.34
2022-01-03 02:00:00,34.74
2022-01-03 03:00:00,39.29
2022-01-03 04:00:00,40.84
2022-01-03 05:00:00,51.86
2022-01-03 06:00:00,66.6
2022-01-03 07:00:00,87.57
2022-01-03 08:00:00,77.77
2022-01-03 09:00:00,88.66
2022-01-03 10:00:00,79.77
2022-01-03 11:00:00,64.07
2022-01-03 12:00:00,59.83
2022-01-03 13:00:00,56.57
2022-01-03 14:00:00,51.3
2022-01-03 15:00:00,57.58
2022-01-03 16:00:00,79.58
2022-01-03 17:00:00,88.37
2022-01-03 18:00:00,95.24
2022-01-03 19:00:00,85.6
2022-01-03 20:00:00,76.6
2022-01-03 21:00:00,68.38
2022-01-03 22:00:00,86.35
2022-01-03 23:00:00,73.15
2022-01-04 00:00:00,76.55
2022-01-04 01:00:00,70.3
2022-01-04 02:00:00,96.09
2022-01-04 03:00:00,118.59
2022-01-04 04:00:00,127.34
2022-01-04 05:00:00,152.39
2022-01-04 06:00:00,129.46
2022-01-04 07:00:00,74.44
2022-01-04 08:00:00,71.85
2022-01-04 09:00:00,74.82
2022-01-04 10:00:00,77.7
2022-01-04 11:00:00,83.91
2022-01-04 12:00:00,82.41
2022-01-04 13:00:00,79.97
2022-01-04 14:00:00,85.19
2022-01-04 15:00:00,91.17
2022-01-04 16:00:00,107.21
2022-01-04 17:00:00,126.93
2022-01-04 18:00:00,172.2
2022-01-04 19:00:00,122.91
2022-01-04 20:00:00,129.32
2022-01-04 21:00:00,132.62
2022-01-04 22:00:00,119.63
2022-01-04 23:00:00,113.87
2022-01-05 00:00:00,92.38
2022-01-05 01:00:00,90.78
2022-01-05 02:00:00,85.21
2022-01-05 03:00:00,90.64
2022-01-05 04:00:00,120.92
2022-01-05 05:00:00,146.14
2022-01-05 06:00:00,99.7
2022-01-05 07:00:00,72.92
2022-01-05 08:00:00,67.91
2022-01-05 09:00:00,57.68
2022-01-05 10:00:00,53.35
2022-01-05 11:00:00,55.77
2022-01-05 12:00:00,50.17
2022-01-05 13:00:00,44.83
2022-01-05 14:00:00,59.45
2022-01-05 15:00:00,76.62
2022-01-05 16:00:00,89.9
2022-01-05 17:00:00,100.93
2022-01-05 18:00:00,121.61
2022-01-05 19:00:00,119.43
2022-01-05 20:00:00,110.62
2022-01-05 21:00:00,99.77
2022-01-05 22:00:00,86.14
2022-01-05 23:00:00,67.23
2022-01-06 00:00:00,58.56
2022-01-06 01:00:00,80.92
2022-01-06 02:00:00,92.9
2022-01-06 03:00:00,88.92
2022-01-06 04:00:00,143.36
2022-01-06 05:00:00,175.4
2022-01-06 06:00:00,93.59
2022-01-06 07:00:00,89.21
2022-01-06 08:00:00,77.71
2022-01-06 09:00:00,77.66
2022-01-06 10:00:00,71.33
2022-01-06 11:00:00,62.45
2022-01-06 12:00:00,63.55
2022-01-06 13:00:00,88.49
2022-01-06 14:00:00,96.58
2022-01-06 15:00:00,108.05
2022-01-06 16:00:00,124.09
2022-01-06 17:00:00,114.89
2022-01-06 18:00:00,101.32
2022-01-06 19:00:00,102.84
2022-01-06 20:00:00,108.3
2022-01-06 21:00:00,93.96
2022-01-06 22:00:00,84.09
2022-01-06 23:00:00,85.46
2022-01-07 00:00:00,96.55
2022-01-07 01:00:00,101.87
2022-01-07 02:00:00,108.29
2022-01-07 03:00:00,126.13
2022-01-07 04:00:00,128.11
2022-01-07 05:00:00,119.17
2022-01-07 06:00:00,107.28
2022-01-07 07:00:00,93.03
2022-01-07 08:00:00,78.35
2022-01-07 09:00:00,70.22
2022-01-07 10:00:00,55.02
2022-01-07 11:00:00,49.18
2022-01-07 12:00:00,45.09
2022-01-07 13:00:00,43.29
2022-01-07 14:00:00,40.7
2022-01-07 15:00:00,38.49
2022-01-07 16:00:00,62.6
2022-01-07 17:00:00,80.37
2022-01-07 18:00:00,126.65
2022-01-07 19:00:00,98.05
2022-01-07 20:00:00,82.79
2022-01-07 21:00:00,72.38
2022-01-07 22:00:00,97.34
2022-01-07 23:00:00,117.22
2022-01-08 00:00:00,107.34
2022-01-08 01:00:00,94.28
2022-01-08 02:00:00,86.4
2022-01-08 03:00:00,92.68
2022-01-08 04:00:00,82.81
2022-01-08 05:00:00,101.59
2022-01-08 06:00:00,67.84
2022-01-08 07:00:00,48.7
2022-01-08 08:00:00,42.97
2022-01-08 09:00:00,29.51
2022-01-08 10:00:00,21.3
2022-01-08 11:00:00,23.6
2022-01-08 12:00:00,24.23
2022-01-08 13:00:00,20.21
2022-01-08 14:00:00,18.82
2022-01-08 15:00:00,30.58
2022-01-08 16:00:00,48.23
2022-01-08 17:00:00,46.36
2022-01-08 18:00:00,55.17
2022-01-08 19:00:00,63.28
2022-01-08 20:00:00,55.84
2022-01-08 21:00:00,55.16
2022-01-08 22:00:00,120.03
2022-01-08 23:00:00,121.34
2022-01-09 00:00:00,72.67
2022-01-09 01:00:00,51.9
2022-01-09 02:00:00,60.25
2022-01-09 03:00:00,83.62
2022-01-09 04:00:00,97.54
2022-01-09 05:00:00,115.11
2022-01-09 06:00:00,96.72
2022-01-09 07:00:00,28.23
2022-01-09 08:00:00,9.36
2022-01-09 09:00:00,10.08
2022-01-09 10:00:00,12.83
2022-01-09 11:00:00,14.22
2022-01-09 12:00:00,17.49
2022-01-09 13:00:00,19.17
2022-01-09 14:00:00,28.67
2022-01-09 15:00:00,43.6
2022-01-09 16:00:00,51.56
2022-01-09 17:00:00,59.18
2022-01-09 18:00:00,47.92
2022-01-09 19:00:00,52.6
2022-01-09 20:00:00,52.76
2022-01-09 21:00:00,48.47
2022-01-09 22:00:00,67.46
2022-01-09 23:00:00,82.82
2022-01-10 00:00:00,81.64
2022-01-10 01:00:00,92.4
2022-01-10 02:00:00,83.12
2022-01-10 03:00:00,107.71
2022-01-10 04:00:00,96.03
2022-01-10 05:00:00,136.15
2022-01-10 06:00:00,57.55
2022-01-10 07:00:00,22.2
2022-01-10 08:00:00,17.46
2022-01-10 09:00:00,15.6
2022-01-10 10:00:00,12.67
2022-01-10 11:00:00,12.24
2022-01-10 12:00:00,14.2
2022-01-10 13:00:00,14.73
2022-01-10 14:00:00,19.13
2022-01-10 15:00:00,26.85
2022-01-10 16:00:00,37.33
2022-01-10 17:00:00,36.8
2022-01-10 18:00:00,40.96
2022-01-10 19:00:00,54.61
2022-01-10 20:00:00,40.69
2022-01-10 21:00:00,40.0
2022-01-10 22:00:00,30.99
2022-01-10 23:00:00,35.68
2022-01-11 00:00:00,36.0
2022-01-11 01:00:00,46.6
2022-01-11 02:00:00,37.66
2022-01-11 03:00:00,40.38
2022-01-11 04:00:00,62.72
2022-01-11 05:00:00,40.16
2022-01-11 06:00:00,28.7
2022-01-11 07:00:00,18.94
2022-01-11 08:00:00,11.04
2022-01-11 09:00:00,9.64
2022-01-11 10:00:00,10.37
2022-01-11 11:00:00,10.7
2022-01-11 12:00:00,15.41
2022-01-11 13:00:00,16.75
2022-01-11 14:00:00,18.99
2022-01-11 15:00:00,20.69
2022-01-11 16:00:00,28.9
2022-01-11 17:00:00,40.28
2022-01-11 18:00:00,47.73
2022-01-11 19:00:00,44.48
2022-01-11 20:00:00,39.71
2022-01-11 21:00:00,39.56
2022-01-11 22:00:00,42.56
2022-01-11 23:00:00,53.07
2022-01-12 00:00:00,25.3
2022-01-12 01:00:00,41.89
2022-01-12 02:00:00,57.45
2022-01-12 03:00:00,77.05
2022-01-12 04:00:00,63.6
2022-01-12 05:00:00,56.31
2022-01-12 06:00:00,44.2
2022-01-12 07:00:00,29.45
2022-01-12 08:00:00,17.5
2022-01-12 09:00:00,11.82
2022-01-12 10:00:00,12.08
2022-01-12 11:00:00,9.45
2022-01-12 12:00:00,14.09
2022-01-12 13:00:00,19.06
2022-01-12 14:00:00,20.91
2022-01-12 15:00:00,29.15
2022-01-12 16:00:00,37.32
2022-01-12 17:00:00,42.08
2022-01-12 18:00:00,44.18
2022-01-12 19:00:00,40.83
2022-01-12 20:00:00,42.51
2022-01-12 21:00:00,38.74
2022-01-12 22:00:00,41.41
2022-01-12 23:00:00,48.27
2022-01-13 00:00:00,41.11
2022-01-13 01:00:00,31.23
2022-01-13 02:00:00,34.76
2022-01-13 03:00:00,29.77
2022-01-13 04:00:00,38.81
2022-01-13 05:00:00,37.28
2022-01-13 06:00:00,22.59
2022-01-13 07:00:00,13.12
2022-01-13 08:00:00,9.95
2022-01-13 09:00:00,10.44
2022-01-13 10:00:00,11.52
2022-01-13 11:00:00,25.0
2022-01-13 12:00:00,24.54
2022-01-13 13:00:00,19.41
2022-01-13 14:00:00,21.72
2022-01-13 15:00:00,35.6
2022-01-13 16:00:00,41.65
2022-01-13 17:00:00,41.93
2022-01-13 18:00:00,39.87
2022-01-13 19:00:00,39.64
2022-01-13 20:00:00,40.74
2022-01-13 21:00:00,41.2
2022-01-13 22:00:00,36.99
2022-01-13 23:00:00,37.03
2022-01-14 00:00:00,37.38
2022-01-14 01:00:00,42.03
2022-01-14 02:00:00,52.57
2022-01-14 03:00:00,57.11
2022-01-14 04:00:00,68.74
2022-01-14 05:00:00,82.62
2022-01-14 06:00:00,56.35
2022-01-14 07:00:00,44.5
2022-01-14 08:00:00,41.27
2022-01-14 09:00:00,45.04
2022-01-14 10:00:00,46.49
2022-01-14 11:00:00,46.24
2022-01-14 12:00:00,47.25
2022-01-14 13:00:00,48.22
2022-01-14 14:00:00,43.19
2022-01-14 15:00:00,44.87
2022-01-14 16:00:00,46.44
2022-01-14 17:00:00,54.2
2022-01-14 18:00:00,48.92
2022-01-14 19:00:00,43.93
2022-01-14 20:00:00,39.71
2022-01-14 21:00:00,39.25
2022-01-14 22:00:00,40.28
2022-01-14 23:00:00,41.02
2022-01-15 00:00:00,42.52
2022-01-15 01:00:00,45.81
2022-01-15 02:00:00,41.75
2022-01-15 03:00:00,39.02
2022-01-15 04:00:00,45.12
2022-01-15 05:00:00,57.97
2022-01-15 06:00:00,60.62
2022-01-15 07:00:00,59.24
2022-01-15 08:00:00,74.57
2022-01-15 09:00:00,58.38
2022-01-15 10:00:00,45.03
2022-01-15 11:00:00,41.16
2022-01-15 12:00:00,39.45
2022-01-15 13:00:00,42.5
2022-01-15 14:00:00,45.13
2022-01-15 15:00:00,45.64
2022-01-15 16:00:00,51.4
2022-01-15 17:00:00,58.98
2022-01-15 18:00:00,75.52
2022-01-15 19:00:00,74.22
2022-01-15 20:00:00,50.14
2022-01-15 21:00:00,40.82
2022-01-15 22:00:00,65.42
2022-01-15 23:00:00,78.96
2022-01-16 00:00:00,82.14
2022-01-16 01:00:00,87.57
2022-01-16 02:00:00,77.51
2022-01-16 03:00:00,62.92
2022-01-16 04:00:00,63.86
2022-01-16 05:00:00,65.72
2022-01-16 06:00:00,52.82
2022-01-16 07:00:00,41.52
2022-01-16 08:00:00,39.65
2022-01-16 09:00:00,37.11
2022-01-16 10:00:00,32.22
2022-01-16 11:00:00,28.4
2022-01-16 12:00:00,26.08
2022-01-16 13:00:00,26.47
2022-01-16 14:00:00,26.04
2022-01-16 15:00:00,26.18
2022-01-16 16:00:00,32.27
2022-01-16 17:00:00,40.96
2022-01-16 18:00:00,42.8
2022-01-16 19:00:00,43.3
2022-01-16 20:00:00,32.7
2022-01-16 21:00:00,29.09
2022-01-16 22:00:00,28.58
2022-01-16 23:00:00,29.29
2022-01-17 00:00:00,29.91
2022-01-17 01:00:00,31.13
2022-01-17 02:00:00,31.76
2022-01-17 03:00:00,31.48
2022-01-17 04:00:00,34.76
2022-01-17 05:00:00,41.79
2022-01-17 06:00:00,34.83
2022-01-17 07:00:00,34.37
2022-01-17 08:00:00,32.4
2022-01-17 09:00:00,32.7
2022-01-17 10:00:00,35.82
2022-01-17 11:00:00,31.37
2022-01-17 12:00:00,23.71
2022-01-17 13:00:00,21.42
2022-01-17 14:00:00,14.32
2022-01-17 15:00:00,14.86
2022-01-17 16:00:00,22.96
2022-01-17 17:00:00,33.07
2022-01-17 18:00:00,40.86
2022-01-17 19:00:00,37.63
2022-01-17 20:00:00,35.13
2022-01-17 21:00:00,32.15
2022-01-17 22:00:00,33.08
2022-01-17 23:00:00,39.12
2022-01-18 00:00:00,40.15
2022-01-18 01:00:00,42.31
2022-01-18 02:00:00,40.53
2022-01-18 03:00:00,35.58
2022-01-18 04:00:00,42.2
2022-01-18 05:00:00,47.29
2022-01-18 06:00:00,45.67
2022-01-18 07:00:00,45.83
2022-01-18 08:00:00,35.09
2022-01-18 09:00:00,21.27
2022-01-18 10:00:00,20.84
2022-01-18 11:00:00,20.68
2022-01-18 12:00:00,27.78
2022-01-18 13:00:00,34.12
2022-01-18 14:00:00,36.66
2022-01-18 15:00:00,37.26
2022-01-18 16:00:00,52.88
2022-01-18 17:00:00,42.44
2022-01-18 18:00:00,40.66
2022-01-18 19:00:00,55.29
2022-01-18 20:00:00,42.24
2022-01-18 21:00:00,42.11
2022-01-18 22:00:00,42.29
2022-01-18 23:00:00,42.46
2022-01-19 00:00:00,38.26
2022-01-19 01:00:00,43.62
2022-01-19 02:00:00,45.92
2022-01-19 03:00:00,61.21
2022-01-19 04:00:00,59.72
2022-01-19 05:00:00,53.09
2022-01-19 06:00:00,78.83
2022-01-19 07:00:00,65.18
2022-01-19 08:00:00,46.22
2022-01-19 09:00:00,41.41
2022-01-19 10:00:00,34.23
2022-01-19 11:00:00,29.55
2022-01-19 12:00:00,28.31
2022-01-19 13:00:00,25.37
2022-01-19 14:00:00,27.78
2022-01-19 15:00:00,32.76
2022-01-19 16:00:00,42.01
2022-01-19 17:00:00,48.27
2022-01-19 18:00:00,58.72
2022-01-19 19:00:00,78.63
2022-01-19 20:00:00,116.93
2022-01-19 21:00:00,64.72
2022-01-19 22:00:00,56.1
2022-01-19 23:00:00,64.75
2022-01-20 00:00:00,76.39
2022-01-20 01:00:00,71.23
2022-01-20 02:00:00,67.98
2022-01-20 03:00:00,65.66
2022-01-20 04:00:00,52.0
2022-01-20 05:00:00,53.55
2022-01-20 06:00:00,54.47
2022-01-20 07:00:00,47.71
2022-01-20 08:00:00,42.77
2022-01-20 09:00:00,38.0
2022-01-20 10:00:00,35.16
2022-01-20 11:00:00,32.86
2022-01-20 12:00:00,31.45
2022-01-20 13:00:00,31.01
2022-01-20 14:00:00,35.67
2022-01-20 15:00:00,51.08
2022-01-20 16:00:00,60.78
2022-01-20 17:00:00,73.96
2022-01-20 18:00:00,72.45
2022-01-20 19:00:00,90.57
2022-01-20 20:00:00,59.41
2022-01-20 21:00:00,58.85
2022-01-20 22:00:00,55.46
2022-01-20 23:00:00,53.19
2022-01-21 00:00:00,59.36
2022-01-21 01:00:00,53.11
2022-01-21 02:00:00,51.24
2022-01-21 03:00:00,51.21
2022-01-21 04:00:00,70.21
2022-01-21 05:00:00,78.64
2022-01-21 06:00:00,62.28
2022-01-21 07:00:00,54.97
2022-01-21 08:00:00,50.45
2022-01-21 09:00:00,43.67
2022-01-21 10:00:00,40.07
2022-01-21 11:00:00,38.26
2022-01-21 12:00:00,40.36
2022-01-21 13:00:00,38.15
2022-01-21 14:00:00,37.45
2022-01-21 15:00:00,46.59
2022-01-21 16:00:00,64.2
2022-01-21 17:00:00,99.04
2022-01-21 18:00:00,118.91
2022-01-21 19:00:00,93.75
2022-01-21 20:00:00,69.01
2022-01-21 21:00:00,119.01
2022-01-21 22:00:00,67.9
2022-01-21 23:00:00,87.89
2022-01-22 00:00:00,71.29
2022-01-22 01:00:00,61.6
2022-01-22 02:00:00,61.3
2022-01-22 03:00:00,58.43
2022-01-22 04:00:00,64.2
2022-01-22 05:00:00,75.74
2022-01-22 06:00:00,106.95
2022-01-22 07:00:00,101.57
2022-01-22 08:00:00,71.81
2022-01-22 09:00:00,72.39
2022-01-22 10:00:00,71.45
2022-01-22 11:00:00,65.76
2022-01-22 12:00:00,69.56
2022-01-22 13:00:00,64.22
2022-01-22 14:00:00,68.47
2022-01-22 15:00:00,77.55
2022-01-22 16:00:00,70.11
2022-01-22 17:00:00,76.3
2022-01-22 18:00:00,90.52
2022-01-22 19:00:00,94.7
2022-01-22 20:00:00,92.81
2022-01-22 21:00:00,90.79
2022-01-22 22:00:00,91.57
2022-01-22 23:00:00,132.87
2022-01-23 00:00:00,162.33
2022-01-23 01:00:00,89.72
2022-01-23 02:00:00,133.51
2022-01-23 03:00:00,142.49
2022-01-23 04:00:00,156.82
2022-01-23 05:00:00,161.94
2022-01-23 06:00:00,138.28
2022-01-23 07:00:00,77.9
2022-01-23 08:00:00,64.74
2022-01-23 09:00:00,56.71
2022-01-23 10:00:00,49.83
2022-01-23 11:00:00,51.85
2022-01-23 12:00:00,53.24
2022-01-23 13:00:00,53.85
2022-01-23 14:00:00,49.56
2022-01-23 15:00:00,46.79
2022-01-23 16:00:00,45.65
2022-01-23 17:00:00,49.34
2022-01-23 18:00:00,48.62
2022-01-23 19:00:00,48.88
2022-01-23 20:00:00,49.74
2022-01-23 21:00:00,46.95
2022-01-23 22:00:00,53.1
2022-01-23 23:00:00,57.82
2022-01-24 00:00:00,60.62
2022-01-24 01:00:00,67.0
2022-01-24 02:00:00,74.34
2022-01-24 03:00:00,108.32
2022-01-24 04:00:00,102.54
2022-01-24 05:00:00,97.37
2022-01-24 06:00:00,83.07
2022-01-24 07:00:00,49.27
2022-01-24 08:00:00,50.48
2022-01-24 09:00:00,43.16
2022-01-24 10:00:00,40.2
2022-01-24 11:00:00,39.59
2022-01-24 12:00:00,40.96
2022-01-24 13:00:00,46.05
2022-01-24 14:00:00,46.03
2022-01-24 15:00:00,48.18
2022-01-24 16:00:00,57.29
2022-01-24 17:00:00,51.08
2022-01-24 18:00:00,64.71
2022-01-24 19:00:00,75.04
2022-01-24 20:00:00,79.1
2022-01-24 21:00:00,64.73
2022-01-24 22:00:00,63.76
2022-01-24 23:00:00,101.04
2022-01-25 00:00:00,96.85
2022-01-25 01:00:00,72.56
2022-01-25 02:00:00,72.4
2022-01-25 03:00:00,80.38
2022-01-25 04:00:00,107.26
2022-01-25 05:00:00,121.42
2022-01-25 06:00:00,89.42
2022-01-25 07:00:00,52.83
2022-01-25 08:00:00,50.7
2022-01-25 09:00:00,42.99
2022-01-25 10:00:00,32.62
2022-01-25 11:00:00,32.29
2022-01-25 12:00:00,29.25
2022-01-25 13:00:00,28.97
2022-01-25 14:00:00,46.49
2022-01-25 15:00:00,53.95
2022-01-25 16:00:00,59.91
2022-01-25 17:00:00,97.42
2022-01-25 18:00:00,83.12
2022-01-25 19:00:00,82.01
2022-01-25 20:00:00,93.31
2022-01-25 21:00:00,92.27
2022-01-25 22:00:00,117.76
2022-01-25 23:00:00,89.59
2022-01-26 00:00:00,82.54
2022-01-26 01:00:00,72.1
2022-01-26 02:00:00,76.37
2022-01-26 03:00:00,102.43
2022-01-26 04:00:00,140.03
2022-01-26 05:00:00,152.37
2022-01-26 06:00:00,69.17
2022-01-26 07:00:00,49.16
2022-01-26 08:00:00,45.59
2022-01-26 09:00:00,37.63
2022-01-26 10:00:00,35.24
2022-01-26 11:00:00,35.09
2022-01-26 12:00:00,33.71
2022-01-26 13:00:00,32.87
2022-01-26 14:00:00,33.13
2022-01-26 15:00:00,35.54
2022-01-26 16:00:00,38.88
2022-01-26 17:00:00,44.64
2022-01-26 18:00:00,73.99
2022-01-26 19:00:00,88.37
2022-01-26 20:00:00,73.65
2022-01-26 21:00:00,55.44
2022-01-26 22:00:00,55.38
2022-01-26 23:00:00,87.95
2022-01-27 00:00:00,67.41
2022-01-27 01:00:00,62.12
2022-01-27 02:00:00,66.86
2022-01-27 03:00:00,76.9
2022-01-27 04:00:00,98.14
2022-01-27 05:00:00,82.08
2022-01-27 06:00:00,49.76
2022-01-27 07:00:00,34.59
2022-01-27 08:00:00,24.97
2022-01-27 09:00:00,18.98
2022-01-27 10:00:00,13.53
2022-01-27 11:00:00,14.48
2022-01-27 12:00:00,21.04
2022-01-27 13:00:00,34.55
2022-01-27 14:00:00,52.23
2022-01-27 15:00:00,48.68
2022-01-27 16:00:00,54.07
2022-01-27 17:00:00,88.1
2022-01-27 18:00:00,66.45
2022-01-27 19:00:00,75.87
2022-01-27 20:00:00,79.0
2022-01-27 21:00:00,65.82
2022-01-27 22:00:00,64.04
2022-01-27 23:00:00,74.58
2022-01-28 00:00:00,68.95
2022-01-28 01:00:00,69.58
2022-01-28 02:00:00,72.41
2022-01-28 03:00:00,83.12
2022-01-28 04:00:00,98.14
2022-01-28 05:00:00,104.1
2022-01-28 06:00:00,89.94
2022-01-28 07:00:00,68.64
2022-01-28 08:00:00,59.33
2022-01-28 09:00:00,49.35
2022-01-28 10:00:00,41.65
2022-01-28 11:00:00,36.73
2022-01-28 12:00:00,35.2
2022-01-28 13:00:00,32.19
2022-01-28 14:00:00,33.4
2022-01-28 15:00:00,47.86
2022-01-28 16:00:00,52.09
2022-01-28 17:00:00,71.83
2022-01-28 18:00:00,68.02
2022-01-28 19:00:00,72.46
2022-01-28 20:00:00,55.75
2022-01-28 21:00:00,58.6
2022-01-28 22:00:00,106.37
2022-01-28 23:00:00,96.32
2022-01-29 00:00:00,75.58
2022-01-29 01:00:00,54.17
2022-01-29 02:00:00,82.09
2022-01-29 03:00:00,100.2
2022-01-29 04:00:00,83.39
2022-01-29 05:00:00,79.66
2022-01-29 06:00:00,61.43
2022-01-29 07:00:00,55.7
2022-01-29 08:00:00,50.57
2022-01-29 09:00:00,46.73
2022-01-29 10:00:00,43.07
2022-01-29 11:00:00,38.11
2022-01-29 12:00:00,37.73
2022-01-29 13:00:00,52.6
2022-01-29 14:00:00,51.29
2022-01-29 15:00:00,52.14
2022-01-29 16:00:00,56.15
2022-01-29 17:00:00,66.17
2022-01-29 18:00:00,68.64
2022-01-29 19:00:00,69.09
2022-01-29 20:00:00,57.13
2022-01-29 21:00:00,50.97
2022-01-29 22:00:00,54.79
2022-01-29 23:00:00,82.73
2022-01-30 00:00:00,94.32
2022-01-30 01:00:00,99.95
2022-01-30 02:00:00,107.39
2022-01-30 03:00:00,120.75
2022-01-30 04:00:00,124.96
2022-01-30 05:00:00,100.3
2022-01-30 06:00:00,112.97
2022-01-30 07:00:00,86.11
2022-01-30 08:00:00,46.2
2022-01-30 09:00:00,41.66
2022-01-30 10:00:00,45.6
2022-01-30 11:00:00,43.64
2022-01-30 12:00:00,41.32
2022-01-30 13:00:00,41.0
2022-01-30 14:00:00,41.65
2022-01-30 15:00:00,46.86
2022-01-30 16:00:00,50.33
2022-01-30 17:00:00,56.91
2022-01-30 18:00:00,69.78
2022-01-30 19:00:00,64.26
2022-01-30 20:00:00,67.98
2022-01-30 21:00:00,53.59
2022-01-30 22:00:00,46.95
2022-01-30 23:00:00,46.65
2022-01-31 00:00:00,62.33
2022-01-31 01:00:00,60.28
2022-01-31 02:00:00,70.26
2022-01-31 03:00:00,75.3
2022-01-31 04:00:00,76.66
2022-01-31 05:00:00,65.91
2022-01-31 06:00:00,69.99
2022-01-31 07:00:00,87.62
2022-01-31 08:00:00,63.12
2022-01-31 09:00:00,51.05
2022-01-31 10:00:00,51.58
2022-01-31 11:00:00,51.37
2022-01-31 12:00:00,50.68
2022-01-31 13:00:00,49.62
2022-01-31 14:00:00,50.1
2022-01-31 15:00:00,55.14
2022-01-31 16:00:00,62.79
2022-01-31 17:00:00,78.58
2022-01-31 18:00:00,104.62
2022-01-31 19:00:00,108.58
2022-01-31 20:00:00,68.47
2022-01-31 21:00:00,62.3
2022-01-31 22:00:00,53.67
2022-01-31 23:00:00,51.25
2022-02-01 00:00:00,58.14
2022-02-01 01:00:00,62.91
2022-02-01 02:00:00,56.64
2022-02-01 03:00:00,66.11
2022-02-01 04:00:00,68.82
2022-02-01 05:00:00,82.9
2022-02-01 06:00:00,81.9
2022-02-01 07:00:00,74.49
2022-02-01 08:00:00,75.45
2022-02-01 09:00:00,62.88
2022-02-01 10:00:00,56.34
2022-02-01 11:00:00,50.84
2022-02-01 12:00:00,51.3
2022-02-01 13:00:00,49.35
2022-02-01 14:00:00,47.87
2022-02-01 15:00:00,51.48
2022-02-01 16:00:00,56.11
2022-02-01 17:00:00,60.24
2022-02-01 18:00:00,67.35
2022-02-01 19:00:00,62.98
2022-02-01 20:00:00,64.65
2022-02-01 21:00:00,76.84
2022-02-01 22:00:00,64.85
2022-02-01 23:00:00,58.44
2022-02-02 00:00:00,61.43
2022-02-02 01:00:00,63.03
2022-02-02 02:00:00,65.48
2022-02-02 03:00:00,68.06
2022-02-02 04:00:00,89.28
2022-02-02 05:00:00,188.26
2022-02-02 06:00:00,129.31
2022-02-02 07:00:00,96.7
2022-02-02 08:00:00,86.21
2022-02-02 09:00:00,57.99
2022-02-02 10:00:00,59.2
2022-02-02 11:00:00,56.11
2022-02-02 12:00:00,64.53
2022-02-02 13:00:00,60.64
2022-02-02 14:00:00,51.88
2022-02-02 15:00:00,51.79
2022-02-02 16:00:00,72.66
2022-02-02 17:00:00,84.28
2022-02-02 18:00:00,67.56
2022-02-02 19:00:00,59.52
2022-02-02 20:00:00,51.9
2022-02-02 21:00:00,63.14
2022-02-02 22:00:00,52.26
2022-02-02 23:00:00,42.39
2022-02-03 00:00:00,49.11
2022-02-03 01:00:00,66.57
2022-02-03 02:00:00,79.87
2022-02-03 03:00:00,89.5
2022-02-03 04:00:00,87.58
2022-02-03 05:00:00,134.19
2022-02-03 06:00:00,87.38
2022-02-03 07:00:00,80.31
2022-02-03 08:00:00,50.49
2022-02-03 09:00:00,47.02
2022-02-03 10:00:00,41.97
2022-02-03 11:00:00,43.27
2022-02-03 12:00:00,43.86
2022-02-03 13:00:00,42.05
2022-02-03 14:00:00,41.62
2022-02-03 15:00:00,44.75
2022-02-03 16:00:00,47.61
2022-02-03 17:00:00,60.93
2022-02-03 18:00:00,83.85
2022-02-03 19:00:00,65.57
2022-02-03 20:00:00,69.77
2022-02-03 21:00:00,68.16
2022-02-03 22:00:00,71.64
2022-02-03 23:00:00,77.74
2022-02-04 00:00:00,68.01
2022-02-04 01:00:00,65.88
2022-02-04 02:00:00,64.52
2022-02-04 03:00:00,63.0
2022-02-04 04:00:00,72.2
2022-02-04 05:00:00,116.8
2022-02-04 06:00:00,83.28
2022-02-04 07:00:00,60.66
2022-02-04 08:00:00,53.62
2022-02-04 09:00:00,45.15
2022-02-04 10:00:00,33.52
2022-02-04 11:00:00,34.6
2022-02-04 12:00:00,42.26
2022-02-04 13:00:00,41.74
2022-02-04 14:00:00,40.79
2022-02-04 15:00:00,40.6
2022-02-04 16:00:00,41.88
2022-02-04 17:00:00,47.4
2022-02-04 18:00:00,50.81
2022-02-04 19:00:00,64.91
2022-02-04 20:00:00,58.43
2022-02-04 21:00:00,48.69
2022-02-04 22:00:00,42.4
2022-02-04 23:00:00,44.8
2022-02-05 00:00:00,49.93
2022-02-05 01:00:00,49.21
2022-02-05 02:00:00,46.3
2022-02-05 03:00:00,45.59
2022-02-05 04:00:00,50.28
2022-02-05 05:00:00,63.35
2022-02-05 06:00:00,53.93
2022-02-05 07:00:00,54.87
2022-02-05 08:00:00,44.68
2022-02-05 09:00:00,35.73
2022-02-05 10:00:00,34.07
2022-02-05 11:00:00,32.63
2022-02-05 12:00:00,24.74
2022-02-05 13:00:00,26.03
2022-02-05 14:00:00,37.14
2022-02-05 15:00:00,49.01
2022-02-05 16:00:00,64.9
2022-02-05 17:00:00,77.41
2022-02-05 18:00:00,115.37
2022-02-05 19:00:00,122.22
2022-02-05 20:00:00,84.32
2022-02-05 21:00:00,63.57
2022-02-05 22:00:00,70.88
2022-02-05 23:00:00,58.45
2022-02-06 00:00:00,50.66
2022-02-06 01:00:00,52.98
2022-02-06 02:00:00,52.14
2022-02-06 03:00:00,67.58
2022-02-06 04:00:00,85.22
2022-02-06 05:00:00,152.26
2022-02-06 06:00:00,115.31
2022-02-06 07:00:00,55.6
2022-02-06 08:00:00,55.18
2022-02-06 09:00:00,52.12
2022-02-06 10:00:00,53.31
2022-02-06 11:00:00,52.27
2022-02-06 12:00:00,52.95
2022-02-06 13:00:00,52.24
2022-02-06 14:00:00,52.66
2022-02-06 15:00:00,57.54
2022-02-06 16:00:00,61.07
2022-02-06 17:00:00,70.88
2022-02-06 18:00:00,87.82
2022-02-06 19:00:00,82.94
2022-02-06 20:00:00,96.53
2022-02-06 21:00:00,86.33
2022-02-06 22:00:00,82.65
2022-02-06 23:00:00,89.59
2022-02-07 00:00:00,76.67
2022-02-07 01:00:00,67.3
2022-02-07 02:00:00,70.2
2022-02-07 03:00:00,75.31
2022-02-07 04:00:00,88.18
2022-02-07 05:00:00,92.46
2022-02-07 06:00:00,90.58
2022-02-07 07:00:00,62.82
2022-02-07 08:00:00,55.56
2022-02-07 09:00:00,62.16
2022-02-07 10:00:00,54.28
2022-02-07 11:00:00,46.45
2022-02-07 12:00:00,37.04
2022-02-07 13:00:00,32.32
2022-02-07 14:00:00,34.54
2022-02-07 15:00:00,38.3
2022-02-07 16:00:00,46.65
2022-02-07 17:00:00,50.5
2022-02-07 18:00:00,64.89
2022-02-07 19:00:00,71.37
2022-02-07 20:00:00,54.75
2022-02-07 21:00:00,50.93
2022-02-07 22:00:00,45.04
2022-02-07 23:00:00,45.66
2022-02-08 00:00:00,46.58
2022-02-08 01:00:00,55.76
2022-02-08 02:00:00,57.01
2022-02-08 03:00:00,62.23
2022-02-08 04:00:00,94.39
2022-02-08 05:00:00,153.89
2022-02-08 06:00:00,67.84
2022-02-08 07:00:00,54.18
2022-02-08 08:00:00,48.45
2022-02-08 09:00:00,47.58
2022-02-08 10:00:00,46.12
2022-02-08 11:00:00,44.89
2022-02-08 12:00:00,48.31
2022-02-08 13:00:00,45.99
2022-02-08 14:00:00,44.54
2022-02-08 15:00:00,44.82
2022-02-08 16:00:00,46.85
2022-02-08 17:00:00,56.2
2022-02-08 18:00:00,59.75
2022-02-08 19:00:00,65.4
2022-02-08 20:00:00,50.56
2022-02-08 21:00:00,49.87
2022-02-08 22:00:00,69.53
2022-02-08 23:00:00,61.26
2022-02-09 00:00:00,70.23
2022-02-09 01:00:00,63.22
2022-02-09 02:00:00,62.05
2022-02-09 03:00:00,66.72
2022-02-09 04:00:00,82.44
2022-02-09 05:00:00,62.89
2022-02-09 06:00:00,58.27
2022-02-09 07:00:00,48.69
2022-02-09 08:00:00,44.73
2022-02-09 09:00:00,49.81
2022-02-09 10:00:00,50.55
2022-02-09 11:00:00,50.22
2022-02-09 12:00:00,50.81
2022-02-09 13:00:00,52.57
2022-02-09 14:00:00,53.7
2022-02-09 15:00:00,62.42
2022-02-09 16:00:00,73.39
2022-02-09 17:00:00,95.12
2022-02-09 18:00:00,106.08
2022-02-09 19:00:00,102.82
2022-02-09 20:00:00,93.09
2022-02-09 21:00:00,72.86
2022-02-09 22:00:00,63.77
2022-02-09 23:00:00,59.55
2022-02-10 00:00:00,66.75
2022-02-10 01:00:00,76.78
2022-02-10 02:00:00,77.48
2022-02-10 03:00:00,84.28
2022-02-10 04:00:00,50.7
2022-02-10 05:00:00,50.16
2022-02-10 06:00:00,49.83
2022-02-10 07:00:00,45.79
2022-02-10 08:00:00,42.32
2022-02-10 09:00:00,36.58
2022-02-10 10:00:00,28.22
2022-02-10 11:00:00,22.57
2022-02-10 12:00:00,22.49
2022-02-10 13:00:00,23.89
2022-02-10 14:00:00,24.8
2022-02-10 15:00:00,29.62
2022-02-10 16:00:00,33.18
2022-02-10 17:00:00,35.96
2022-02-10 18:00:00,37.99
2022-02-10 19:00:00,51.22
2022-02-10 20:00:00,62.35
2022-02-10 21:00:00,45.77
2022-02-10 22:00:00,41.41
2022-02-10 23:00:00,34.13
2022-02-11 00:00:00,30.44
2022-02-11 01:00:00,32.64
2022-02-11 02:00:00,52.18
2022-02-11 03:00:00,64.5
2022-02-11 04:00:00,80.25
2022-02-11 05:00:00,135.49
2022-02-11 06:00:00,78.0
2022-02-11 07:00:00,32.58
2022-02-11 08:00:00,21.71
2022-02-11 09:00:00,16.0
2022-02-11 10:00:00,17.31
2022-02-11 11:00:00,19.42
2022-02-11 12:00:00,20.0
2022-02-11 13:00:00,32.41
2022-02-11 14:00:00,33.46
2022-02-11 15:00:00,45.35
2022-02-11 16:00:00,48.17
2022-02-11 17:00:00,53.95
2022-02-11 18:00:00,70.86
2022-02-11 19:00:00,66.28
2022-02-11 20:00:00,53.86
2022-02-11 21:00:00,44.14
2022-02-11 22:00:00,46.88
2022-02-11 23:00:00,64.43
2022-02-12 00:00:00,40.84
2022-02-12 01:00:00,37.08
2022-02-12 02:00:00,34.12
2022-02-12 03:00:00,42.2
2022-02-12 04:00:00,57.15
2022-02-12 05:00:00,108.08
2022-02-12 06:00:00,49.05
2022-02-12 07:00:00,36.23
2022-02-12 08:00:00,32.94
2022-02-12 09:00:00,34.86
2022-02-12 10:00:00,38.46
2022-02-12 11:00:00,31.09
2022-02-12 12:00:00,23.18
2022-02-12 13:00:00,28.13
2022-02-12 14:00:00,33.43
2022-02-12 15:00:00,27.56
2022-02-12 16:00:00,35.41
2022-02-12 17:00:00,
2022-02-12 18:00:00,
2022-02-12 19:00:00,
2022-02-12 20:00:00,42.8
2022-02-12 21:00:00,42.84
2022-02-12 22:00:00,36.85
2022-02-12 23:00:00,39.87
2022-02-13 00:00:00,37.9
2022-02-13 01:00:00,33.62
2022-02-13 02:00:00,31.65
2022-02-13 03:00:00,43.66
2022-02-13 04:00:00,50.34
2022-02-13 05:00:00,63.2
2022-02-13 06:00:00,29.65
2022-02-13 07:00:00,22.69
2022-02-13 08:00:00,31.04
2022-02-13 09:00:00,36.29
2022-02-13 10:00:00,28.99
2022-02-13 11:00:00,
2022-02-13 12:00:00,
2022-02-13 13:00:00,
2022-02-13 14:00:00,
2022-02-13 15:00:00,
2022-02-13 16:00:00,
2022-02-13 17:00:00,
2022-02-13 18:00:00,50.33
2022-02-13 19:00:00,53.83
2022-02-13 20:00:00,65.22
2022-02-13 21:00:00,48.17
2022-02-13 22:00:00,44.28
2022-02-13 23:00:00,41.45
2022-02-14 00:00:00,37.28
2022-02-14 01:00:00,40.98
2022-02-14 02:00:00,41.25
2022-02-14 03:00:00,55.89
2022-02-14 04:00:00,73.71
2022-02-14 05:00:00,61.99
2022-02-14 06:00:00,55.23
2022-02-14 07:00:00,44.28
2022-02-14 08:00:00,44.29
2022-02-14 09:00:00,44.04
2022-02-14 10:00:00,37.77
2022-02-14 11:00:00,31.68
2022-02-14 12:00:00,33.31
2022-02-14 13:00:00,33.08
2022-02-14 14:00:00,32.68
2022-02-14 15:00:00,37.09
2022-02-14 16:00:00,43.47
2022-02-14 17:00:00,48.47
2022-02-14 18:00:00,54.15
2022-02-14 19:00:00,53.52
2022-02-14 20:00:00,46.65
2022-02-14 21:00:00,50.55
2022-02-14 22:00:00,44.76
2022-02-14 23:00:00,44.01
2022-02-15 00:00:00,49.0
2022-02-15 01:00:00,49.51
2022-02-15 02:00:00,60.73
2022-02-15 03:00:00,66.6
2022-02-15 04:00:00,73.43
2022-02-15 05:00:00,58.61
2022-02-15 06:00:00,32.27
2022-02-15 07:00:00,33.54
2022-02-15 08:00:00,37.26
2022-02-15 09:00:00,33.5
2022-02-15 10:00:00,31.91
2022-02-15 11:00:00,29.54
2022-02-15 12:00:00,29.21
2022-02-15 13:00:00,31.64
2022-02-15 14:00:00,26.01
2022-02-15 15:00:00,52.84
2022-02-15 16:00:00,74.37
2022-02-15 17:00:00,89.43
2022-02-15 18:00:00,99.01
2022-02-15 19:00:00,106.34
2022-02-15 20:00:00,86.56
2022-02-15 21:00:00,63.44
2022-02-15 22:00:00,50.81
2022-02-15 23:00:00,54.05
2022-02-16 00:00:00,56.32
2022-02-16 01:00:00,46.57
2022-02-16 02:00:00,48.48
2022-02-16 03:00:00,52.76
2022-02-16 04:00:00,60.78
2022-02-16 05:00:00,87.45
2022-02-16 06:00:00,60.49
2022-02-16 07:00:00,49.77
2022-02-16 08:00:00,47.66
2022-02-16 09:00:00,46.17
2022-02-16 10:00:00,46.17
2022-02-16 11:00:00,45.38
2022-02-16 12:00:00,46.47
2022-02-16 13:00:00,49.31
2022-02-16 14:00:00,43.01
2022-02-16 15:00:00,38.0
2022-02-16 16:00:00,45.59
2022-02-16 17:00:00,44.9
2022-02-16 18:00:00,47.92
2022-02-16 19:00:00,53.53
2022-02-16 20:00:00,47.33
2022-02-16 21:00:00,37.85
2022-02-16 22:00:00,33.6
2022-02-16 23:00:00,41.83
2022-02-17 00:00:00,56.08
2022-02-17 01:00:00,45.88
2022-02-17 02:00:00,48.23
2022-02-17 03:00:00,72.19
2022-02-17 04:00:00,49.13
2022-02-17 05:00:00,51.0
2022-02-17 06:00:00,41.6
2022-02-17 07:00:00,35.28
2022-02-17 08:00:00,35.16
2022-02-17 09:00:00,34.88
2022-02-17 10:00:00,33.63
2022-02-17 11:00:00,35.12
2022-02-17 12:00:00,32.11
2022-02-17 13:00:00,26.39
2022-02-17 14:00:00,37.92
2022-02-17 15:00:00,31.91
2022-02-17 16:00:00,39.49
2022-02-17 17:00:00,52.24
2022-02-17 18:00:00,57.46
2022-02-17 19:00:00,88.07
2022-02-17 20:00:00,86.46
2022-02-17 21:00:00,41.04
2022-02-17 22:00:00,46.66
2022-02-17 23:00:00,32.26
2022-02-18 00:00:00,28.89
2022-02-18 01:00:00,25.43
2022-02-18 02:00:00,23.95
2022-02-18 03:00:00,29.79
2022-02-18 04:00:00,34.48
2022-02-18 05:00:00,35.07
2022-02-18 06:00:00,38.35
2022-02-18 07:00:00,38.6
2022-02-18 08:00:00,41.44
2022-02-18 09:00:00,44.26
2022-02-18 10:00:00,48.48
2022-02-18 11:00:00,49.51
2022-02-18 12:00:00,47.98
2022-02-18 13:00:00,46.71
2022-02-18 14:00:00,46.41
2022-02-18 15:00:00,47.28
2022-02-18 16:00:00,49.4
2022-02-18 17:00:00,44.98
2022-02-18 18:00:00,41.69
2022-02-18 19:00:00,39.93
2022-02-18 20:00:00,36.73
2022-02-18 21:00:00,24.91
2022-02-18 22:00:00,21.11
2022-02-18 23:00:00,13.58
2022-02-19 00:00:00,11.88
2022-02-19 01:00:00,18.13
2022-02-19 02:00:00,16.9
2022-02-19 03:00:00,29.41
2022-02-19 04:00:00,40.19
2022-02-19 05:00:00,44.84
2022-02-19 06:00:00,33.5
2022-02-19 07:00:00,27.63
2022-02-19 08:00:00,31.22
2022-02-19 09:00:00,33.48
2022-02-19 10:00:00,30.65
2022-02-19 11:00:00,30.33
2022-02-19 12:00:00,
2022-02-19 13:00:00,
2022-02-19 14:00:00,33.72
2022-02-19 15:00:00,35.63
2022-02-19 16:00:00,43.74
2022-02-19 17:00:00,48.9
2022-02-19 18:00:00,42.67
2022-02-19 19:00:00,33.29
2022-02-19 20:00:00,31.01
2022-02-19 21:00:00,30.29
2022-02-19 22:00:00,35.76
2022-02-19 23:00:00,31.88
2022-02-20 00:00:00,25.97
2022-02-20 01:00:00,31.32
2022-02-20 02:00:00,39.1
2022-02-20 03:00:00,43.36
2022-02-20 04:00:00,46.11
2022-02-20 05:00:00,54.84
2022-02-20 06:00:00,67.54
2022-02-20 07:00:00,58.82
2022-02-20 08:00:00,44.99
2022-02-20 09:00:00,42.22
2022-02-20 10:00:00,36.57
2022-02-20 11:00:00,29.98
2022-02-20 12:00:00,43.16
2022-02-20 13:00:00,41.98
2022-02-20 14:00:00,36.95
2022-02-20 15:00:00,38.27
2022-02-20 16:00:00,46.31
2022-02-20 17:00:00,54.37
2022-02-20 18:00:00,56.37
2022-02-20 19:00:00,46.7
2022-02-20 20:00:00,47.47
2022-02-20 21:00:00,46.26
2022-02-20 22:00:00,46.72
2022-02-20 23:00:00,34.88
2022-02-21 00:00:00,2.66
2022-02-21 01:00:00,8.9
2022-02-21 02:00:00,30.03
2022-02-21 03:00:00,25.71
2022-02-21 04:00:00,41.97
2022-02-21 05:00:00,44.57
2022-02-21 06:00:00,57.76
2022-02-21 07:00:00,66.36
2022-02-21 08:00:00,34.05
2022-02-21 09:00:00,25.4
2022-02-21 10:00:00,20.26
2022-02-21 11:00:00,16.95
2022-02-21 12:00:00,16.94
2022-02-21 13:00:00,20.8
2022-02-21 14:00:00,21.07
2022-02-21 15:00:00,18.15
2022-02-21 16:00:00,16.31
2022-02-21 17:00:00,25.8
2022-02-21 18:00:00,32.83
2022-02-21 19:00:00,42.34
2022-02-21 20:00:00,34.3
2022-02-21 21:00:00,67.87
2022-02-21 22:00:00,56.49
2022-02-21 23:00:00,39.78
2022-02-22 00:00:00,34.23
2022-02-22 01:00:00,32.16
2022-02-22 02:00:00,35.69
2022-02-22 03:00:00,27.81
2022-02-22 04:00:00,83.87
2022-02-22 05:00:00,73.1
2022-02-22 06:00:00,55.33
2022-02-22 07:00:00,63.9
2022-02-22 08:00:00,58.16
2022-02-22 09:00:00,52.12
2022-02-22 10:00:00,48.28
2022-02-22 11:00:00,49.97
2022-02-22 12:00:00,48.19
2022-02-22 13:00:00,48.01
2022-02-22 14:00:00,48.12
2022-02-22 15:00:00,48.39
2022-02-22 16:00:00,45.57
2022-02-22 17:00:00,44.58
2022-02-22 18:00:00,44.65
2022-02-22 19:00:00,48.94
2022-02-22 20:00:00,43.4
2022-02-22 21:00:00,53.27
2022-02-22 22:00:00,84.36
2022-02-22 23:00:00,54.01
2022-02-23 00:00:00,61.48
2022-02-23 01:00:00,66.26
2022-02-23 02:00:00,63.49
2022-02-23 03:00:00,85.11
2022-02-23 04:00:00,78.5
2022-02-23 05:00:00,98.53
2022-02-23 06:00:00,90.71
2022-02-23 07:00:00,64.44
2022-02-23 08:00:00,58.82
2022-02-23 09:00:00,58.85
2022-02-23 10:00:00,59.92
2022-02-23 11:00:00,63.57
2022-02-23 12:00:00,65.98
2022-02-23 13:00:00,65.45
2022-02-23 14:00:00,61.14
2022-02-23 15:00:00,56.36
2022-02-23 16:00:00,48.79
2022-02-23 17:00:00,51.64
2022-02-23 18:00:00,
2022-02-23 19:00:00,55.41
2022-02-23 20:00:00,53.91
2022-02-23 21:00:00,45.53
2022-02-23 22:00:00,46.65
2022-02-23 23:00:00,49.27
2022-02-24 00:00:00,55.14
2022-02-24 01:00:00,53.52
2022-02-24 02:00:00,52.68
2022-02-24 03:00:00,58.25
2022-02-24 04:00:00,56.55
2022-02-24 05:00:00,76.37
2022-02-24 06:00:00,55.48
2022-02-24 07:00:00,52.34
2022-02-24 08:00:00,56.59
2022-02-24 09:00:00,57.02
2022-02-24 10:00:00,51.1
2022-02-24 11:00:00,50.27
2022-02-24 12:00:00,40.02
2022-02-24 13:00:00,41.87
2022-02-24 14:00:00,54.37
2022-02-24 15:00:00,69.6
2022-02-24 16:00:00,59.06
2022-02-24 17:00:00,51.15
2022-02-24 18:00:00,46.51
2022-02-24 19:00:00,41.67
2022-02-24 20:00:00,35.73
2022-02-24 21:00:00,22.13
2022-02-24 22:00:00,31.57
2022-02-24 23:00:00,23.67
2022-02-25 00:00:00,25.59
2022-02-25 01:00:00,23.54
2022-02-25 02:00:00,24.93
2022-02-25 03:00:00,35.37
2022-02-25 04:00:00,44.02
2022-02-25 05:00:00,50.86
2022-02-25 06:00:00,37.95
2022-02-25 07:00:00,31.1
2022-02-25 08:00:00,34.99
2022-02-25 09:00:00,36.57
2022-02-25 10:00:00,34.57
2022-02-25 11:00:00,35.54
2022-02-25 12:00:00,34.93
2022-02-25 13:00:00,23.12
2022-02-25 14:00:00,31.3
2022-02-25 15:00:00,46.97
2022-02-25 16:00:00,49.4
2022-02-25 17:00:00,47.71
2022-02-25 18:00:00,54.52
2022-02-25 19:00:00,54.43
2022-02-25 20:00:00,45.92
2022-02-25 21:00:00,45.54
2022-02-25 22:00:00,44.68
2022-02-25 23:00:00,36.25
2022-02-26 00:00:00,30.16
2022-02-26 01:00:00,33.78
2022-02-26 02:00:00,
2022-02-26 03:00:00,31.76
2022-02-26 04:00:00,43.21
2022-02-26 05:00:00,47.98
2022-02-26 06:00:00,69.97
2022-02-26 07:00:00,55.5
2022-02-26 08:00:00,20.15
2022-02-26 09:00:00,13.15
2022-02-26 10:00:00,9.94
2022-02-26 11:00:00,8.57
2022-02-26 12:00:00,9.34
2022-02-26 13:00:00,8.82
2022-02-26 14:00:00,11.52
2022-02-26 15:00:00,14.49
2022-02-26 16:00:00,32.12
2022-02-26 17:00:00,38.37
2022-02-26 18:00:00,37.98
2022-02-26 19:00:00,21.71
2022-02-26 20:00:00,14.59
2022-02-26 21:00:00,16.39
2022-02-26 22:00:00,23.64
2022-02-26 23:00:00,16.89
2022-02-27 00:00:00,27.15
2022-02-27 01:00:00,25.3
2022-02-27 02:00:00,30.48
2022-02-27 03:00:00,37.61
2022-02-27 04:00:00,50.74
2022-02-27 05:00:00,42.62
2022-02-27 06:00:00,20.49
2022-02-27 07:00:00,15.39
2022-02-27 08:00:00,16.01
2022-02-27 09:00:00,15.03
2022-02-27 10:00:00,13.16
2022-02-27 11:00:00,
2022-02-27 12:00:00,
2022-02-27 13:00:00,
2022-02-27 14:00:00,16.91
2022-02-27 15:00:00,18.05
2022-02-27 16:00:00,26.14
2022-02-27 17:00:00,29.46
2022-02-27 18:00:00,28.78
2022-02-27 19:00:00,28.55
2022-02-27 20:00:00,27.92
2022-02-27 21:00:00,21.43
2022-02-27 22:00:00,21.53
2022-02-27 23:00:00,18.89
2022-02-28 00:00:00,22.29
2022-02-28 01:00:00,28.8
2022-02-28 02:00:00,32.22
2022-02-28 03:00:00,46.86
2022-02-28 04:00:00,60.51
2022-02-28 05:00:00,59.99
2022-02-28 06:00:00,49.61
2022-02-28 07:00:00,43.15
2022-02-28 08:00:00,34.13
2022-02-28 09:00:00,33.01
2022-02-28 10:00:00,27.36
2022-02-28 11:00:00,31.96
2022-02-28 12:00:00,24.71
2022-02-28 13:00:00,24.06
2022-02-28 14:00:00,27.61
2022-02-28 15:00:00,28.65
2022-02-28 16:00:00,35.28
2022-02-28 17:00:00,48.97
2022-02-28 18:00:00,55.41
2022-02-28 19:00:00,67.79
2022-02-28 20:00:00,56.03
2022-02-28 21:00:00,49.95
2022-02-28 22:00:00,41.38
2022-02-28 23:00:00,40.5
2022-03-01 00:00:00,48.24
2022-03-01 01:00:00,39.53
2022-03-01 02:00:00,60.46
2022-03-01 03:00:00,98.79
2022-03-01 04:00:00,65.03
2022-03-01 05:00:00,56.87
2022-03-01 06:00:00,42.19
2022-03-01 07:00:00,30.78
2022-03-01 08:00:00,22.24
2022-03-01 09:00:00,19.71
2022-03-01 10:00:00,18.36
2022-03-01 11:00:00,17.29
2022-03-01 12:00:00,14.49
2022-03-01 13:00:00,13.66
2022-03-01 14:00:00,12.08
2022-03-01 15:00:00,17.78
2022-03-01 16:00:00,30.03
2022-03-01 17:00:00,41.14
2022-03-01 18:00:00,49.62
2022-03-01 19:00:00,47.62
2022-03-01 20:00:00,44.7
2022-03-01 21:00:00,44.2
2022-03-01 22:00:00,52.75
2022-03-01 23:00:00,62.76
2022-03-02 00:00:00,54.8
2022-03-02 01:00:00,60.23
2022-03-02 02:00:00,76.81
2022-03-02 03:00:00,81.0
2022-03-02 04:00:00,90.28
2022-03-02 05:00:00,60.32
2022-03-02 06:00:00,51.41
2022-03-02 07:00:00,32.1
2022-03-02 08:00:00,22.57
2022-03-02 09:00:00,17.1
2022-03-02 10:00:00,14.82
2022-03-02 11:00:00,13.71
2022-03-02 12:00:00,13.09
2022-03-02 13:00:00,12.74
2022-03-02 14:00:00,13.53
2022-03-02 15:00:00,17.61
2022-03-02 16:00:00,21.27
2022-03-02 17:00:00,30.66
2022-03-02 18:00:00,32.24
2022-03-02 19:00:00,28.07
2022-03-02 20:00:00,24.0
2022-03-02 21:00:00,29.27
2022-03-02 22:00:00,24.75
2022-03-02 23:00:00,11.93
2022-03-03 00:00:00,12.58
2022-03-03 01:00:00,15.88
2022-03-03 02:00:00,18.28
2022-03-03 03:00:00,27.34
2022-03-03 04:00:00,42.55
2022-03-03 05:00:00,41.25
2022-03-03 06:00:00,46.97
2022-03-03 07:00:00,32.05
2022-03-03 08:00:00,23.11
2022-03-03 09:00:00,20.78
2022-03-03 10:00:00,15.95
2022-03-03 11:00:00,11.29
2022-03-03 12:00:00,10.83
2022-03-03 13:00:00,11.56
2022-03-03 14:00:00,13.51
2022-03-03 15:00:00,14.35
2022-03-03 16:00:00,21.14
2022-03-03 17:00:00,36.32
2022-03-03 18:00:00,39.51
2022-03-03 19:00:00,45.96
2022-03-03 20:00:00,39.76
2022-03-03 21:00:00,33.62
2022-03-03 22:00:00,35.91
2022-03-03 23:00:00,31.16
2022-03-04 00:00:00,21.95
2022-03-04 01:00:00,31.8
2022-03-04 02:00:00,25.84
2022-03-04 03:00:00,33.02
2022-03-04 04:00:00,42.84
2022-03-04 05:00:00,41.12
2022-03-04 06:00:00,21.51
2022-03-04 07:00:00,17.4
2022-03-04 08:00:00,15.35
2022-03-04 09:00:00,13.78
2022-03-04 10:00:00,13.12
2022-03-04 11:00:00,14.71
2022-03-04 12:00:00,16.85
2022-03-04 13:00:00,15.91
2022-03-04 14:00:00,17.09
2022-03-04 15:00:00,21.54
2022-03-04 16:00:00,25.95
2022-03-04 17:00:00,35.11
2022-03-04 18:00:00,36.45
2022-03-04 19:00:00,31.22
2022-03-04 20:00:00,37.31
2022-03-04 21:00:00,41.34
2022-03-04 22:00:00,45.58
2022-03-04 23:00:00,47.32
2022-03-05 00:00:00,76.56
2022-03-05 01:00:00,83.41
2022-03-05 02:00:00,63.61
2022-03-05 03:00:00,53.33
2022-03-05 04:00:00,44.19
2022-03-05 05:00:00,59.57
2022-03-05 06:00:00,62.54
2022-03-05 07:00:00,38.29
2022-03-05 08:00:00,38.03
2022-03-05 09:00:00,42.59
2022-03-05 10:00:00,29.05
2022-03-05 11:00:00,21.94
2022-03-05 12:00:00,19.67
2022-03-05 13:00:00,19.54
2022-03-05 14:00:00,25.65
2022-03-05 15:00:00,25.1
2022-03-05 16:00:00,28.95
2022-03-05 17:00:00,36.61
2022-03-05 18:00:00,45.47
2022-03-05 19:00:00,56.85
2022-03-05 20:00:00,46.84
2022-03-05 21:00:00,41.02
2022-03-05 22:00:00,42.17
2022-03-05 23:00:00,39.28
2022-03-06 00:00:00,36.79
2022-03-06 01:00:00,53.05
2022-03-06 02:00:00,62.12
2022-03-06 03:00:00,61.23
2022-03-06 04:00:00,76.94
2022-03-06 05:00:00,80.41
2022-03-06 06:00:00,49.24
2022-03-06 07:00:00,23.19
2022-03-06 08:00:00,17.15
2022-03-06 09:00:00,21.02
2022-03-06 10:00:00,21.18
2022-03-06 11:00:00,18.53
2022-03-06 12:00:00,16.42
2022-03-06 13:00:00,16.39
2022-03-06 14:00:00,15.76
2022-03-06 15:00:00,16.53
2022-03-06 16:00:00,27.0
2022-03-06 17:00:00,53.61
2022-03-06 18:00:00,43.82
2022-03-06 19:00:00,27.58
2022-03-06 20:00:00,19.44
2022-03-06 21:00:00,20.22
2022-03-06 22:00:00,25.73
2022-03-06 23:00:00,31.97
2022-03-07 00:00:00,33.61
2022-03-07 01:00:00,37.22
2022-03-07 02:00:00,49.21
2022-03-07 03:00:00,50.39
2022-03-07 04:00:00,71.05
2022-03-07 05:00:00,68.11
2022-03-07 06:00:00,41.67
2022-03-07 07:00:00,28.9
2022-03-07 08:00:00,29.36
2022-03-07 09:00:00,25.64
2022-03-07 10:00:00,25.32
2022-03-07 11:00:00,25.31
2022-03-07 12:00:00,24.49
2022-03-07 13:00:00,26.82
2022-03-07 14:00:00,33.96
2022-03-07 15:00:00,33.24
2022-03-07 16:00:00,41.92
2022-03-07 17:00:00,44.63
2022-03-07 18:00:00,50.78
2022-03-07 19:00:00,34.48
2022-03-07 20:00:00,31.84
2022-03-07 21:00:00,28.06
2022-03-07 22:00:00,23.37
2022-03-07 23:00:00,26.63
2022-03-08 00:00:00,39.85
2022-03-08 01:00:00,40.45
2022-03-08 02:00:00,40.03
2022-03-08 03:00:00,41.94
2022-03-08 04:00:00,58.72
2022-03-08 05:00:00,50.93
2022-03-08 06:00:00,46.03
2022-03-08 07:00:00,24.48
2022-03-08 08:00:00,18.63
2022-03-08 09:00:00,21.14
2022-03-08 10:00:00,17.05
2022-03-08 11:00:00,12.85
2022-03-08 12:00:00,14.36
2022-03-08 13:00:00,15.34
2022-03-08 14:00:00,23.16
2022-03-08 15:00:00,45.94
2022-03-08 16:00:00,53.41
2022-03-08 17:00:00,71.48
2022-03-08 18:00:00,97.59
2022-03-08 19:00:00,112.23
2022-03-08 20:00:00,45.2
2022-03-08 21:00:00,33.09
2022-03-08 22:00:00,38.02
2022-03-08 23:00:00,44.88
2022-03-09 00:00:00,63.67
2022-03-09 01:00:00,104.71
2022-03-09 02:00:00,136.78
2022-03-09 03:00:00,113.62
2022-03-09 04:00:00,149.22
2022-03-09 05:00:00,183.5
2022-03-09 06:00:00,115.27
2022-03-09 07:00:00,62.52
2022-03-09 08:00:00,45.64
2022-03-09 09:00:00,33.92
2022-03-09 10:00:00,29.41
2022-03-09 11:00:00,30.58
2022-03-09 12:00:00,36.48
2022-03-09 13:00:00,21.0
2022-03-09 14:00:00,18.24
2022-03-09 15:00:00,29.68
2022-03-09 16:00:00,34.2
2022-03-09 17:00:00,42.11
2022-03-09 18:00:00,37.71
2022-03-09 19:00:00,34.98
2022-03-09 20:00:00,31.99
2022-03-09 21:00:00,33.32
2022-03-09 22:00:00,32.49
2022-03-09 23:00:00,41.63
2022-03-10 00:00:00,46.34
2022-03-10 01:00:00,46.75
2022-03-10 02:00:00,47.02
2022-03-10 03:00:00,52.62
2022-03-10 04:00:00,50.29
2022-03-10 05:00:00,62.71
2022-03-10 06:00:00,48.37
2022-03-10 07:00:00,33.39
2022-03-10 08:00:00,23.79
2022-03-10 09:00:00,16.29
2022-03-10 10:00:00,18.67
2022-03-10 11:00:00,29.59
2022-03-10 12:00:00,26.08
2022-03-10 13:00:00,17.86
2022-03-10 14:00:00,17.04
2022-03-10 15:00:00,20.31
2022-03-10 16:00:00,34.32
2022-03-10 17:00:00,41.63
2022-03-10 18:00:00,40.59
2022-03-10 19:00:00,50.62
2022-03-10 20:00:00,49.56
2022-03-10 21:00:00,41.52
2022-03-10 22:00:00,48.14
2022-03-10 23:00:00,42.86
2022-03-11 00:00:00,37.68
2022-03-11 01:00:00,45.94
2022-03-11 02:00:00,83.94
2022-03-11 03:00:00,49.56
2022-03-11 04:00:00,60.03
2022-03-11 05:00:00,62.67
2022-03-11 06:00:00,46.97
2022-03-11 07:00:00,24.97
2022-03-11 08:00:00,19.66
2022-03-11 09:00:00,18.04
2022-03-11 10:00:00,16.13
2022-03-11 11:00:00,15.9
2022-03-11 12:00:00,17.16
2022-03-11 13:00:00,18.41
2022-03-11 14:00:00,22.0
2022-03-11 15:00:00,27.41
2022-03-11 16:00:00,29.34
2022-03-11 17:00:00,41.02
2022-03-11 18:00:00,37.85
2022-03-11 19:00:00,36.68
2022-03-11 20:00:00,33.76
2022-03-11 21:00:00,33.08
2022-03-11 22:00:00,34.94
2022-03-11 23:00:00,35.55
2022-03-12 00:00:00,42.11
2022-03-12 01:00:00,43.87
2022-03-12 02:00:00,43.05
2022-03-12 03:00:00,49.04
2022-03-12 04:00:00,47.07
2022-03-12 05:00:00,52.83
2022-03-12 06:00:00,25.87
2022-03-12 07:00:00,26.56
2022-03-12 08:00:00,29.95
2022-03-12 09:00:00,26.89
2022-03-12 10:00:00,24.47
2022-03-12 11:00:00,23.98
2022-03-12 12:00:00,24.1
2022-03-12 13:00:00,23.2
2022-03-12 14:00:00,18.74
2022-03-12 15:00:00,32.18
2022-03-12 16:00:00,40.3
2022-03-12 17:00:00,67.05
2022-03-12 18:00:00,52.82
2022-03-12 19:00:00,44.84
2022-03-12 20:00:00,43.67
2022-03-12 21:00:00,47.59
2022-03-12 22:00:00,61.04
2022-03-12 23:00:00,49.9
2022-03-13 00:00:00,47.06
2022-03-13 01:00:00,51.87
2022-03-13 02:00:00,64.9
2022-03-13 03:00:00,52.15
2022-03-13 04:00:00,48.21
2022-03-13 05:00:00,50.76
2022-03-13 06:00:00,46.36
2022-03-13 07:00:00,43.69
2022-03-13 08:00:00,41.23
2022-03-13 09:00:00,37.99
2022-03-13 10:00:00,31.32
2022-03-13 11:00:00,32.12
2022-03-13 12:00:00,44.27
2022-03-13 13:00:00,48.0
2022-03-13 14:00:00,44.47
2022-03-13 15:00:00,36.72
2022-03-13 16:00:00,39.28
2022-03-13 17:00:00,41.08
2022-03-13 18:00:00,40.25
2022-03-13 19:00:00,37.4
2022-03-13 20:00:00,43.4
2022-03-13 21:00:00,36.31
2022-03-13 22:00:00,37.62
2022-03-13 23:00:00,38.18
2022-03-14 00:00:00,22.35
2022-03-14 01:00:00,6.92
2022-03-14 02:00:00,15.16
2022-03-14 03:00:00,26.5
2022-03-14 04:00:00,34.63
2022-03-14 05:00:00,33.61
2022-03-14 06:00:00,23.35
2022-03-14 07:00:00,23.8
2022-03-14 08:00:00,21.62
2022-03-14 09:00:00,18.22
2022-03-14 10:00:00,18.84
2022-03-14 11:00:00,18.56
2022-03-14 12:00:00,20.41
2022-03-14 13:00:00,24.56
2022-03-14 14:00:00,30.38
2022-03-14 15:00:00,43.31
2022-03-14 16:00:00,40.4
2022-03-14 17:00:00,57.75
2022-03-14 18:00:00,65.1
2022-03-14 19:00:00,72.16
2022-03-14 20:00:00,71.84
2022-03-14 21:00:00,77.85
2022-03-14 22:00:00,61.54
2022-03-14 23:00:00,45.56
2022-03-15 00:00:00,38.43
2022-03-15 01:00:00,55.74
2022-03-15 02:00:00,70.44
2022-03-15 03:00:00,75.09
2022-03-15 04:00:00,82.14
2022-03-15 05:00:00,97.04
2022-03-15 06:00:00,64.9
2022-03-15 07:00:00,44.93
2022-03-15 08:00:00,37.23
2022-03-15 09:00:00,37.54
2022-03-15 10:00:00,41.6
2022-03-15 11:00:00,38.83
2022-03-15 12:00:00,35.25
2022-03-15 13:00:00,29.91
2022-03-15 14:00:00,29.3
2022-03-15 15:00:00,32.01
2022-03-15 16:00:00,33.11
2022-03-15 17:00:00,47.09
2022-03-15 18:00:00,54.17
2022-03-15 19:00:00,100.3
2022-03-15 20:00:00,64.59
2022-03-15 21:00:00,59.86
2022-03-15 22:00:00,44.56
2022-03-15 23:00:00,35.63
2022-03-16 00:00:00,40.19
2022-03-16 01:00:00,43.53
2022-03-16 02:00:00,35.15
2022-03-16 03:00:00,32.03
2022-03-16 04:00:00,43.27
2022-03-16 05:00:00,52.52
2022-03-16 06:00:00,76.64
2022-03-16 07:00:00,72.56
2022-03-16 08:00:00,52.13
2022-03-16 09:00:00,41.09
2022-03-16 10:00:00,42.15
2022-03-16 11:00:00,42.13
2022-03-16 12:00:00,41.18
2022-03-16 13:00:00,35.92
2022-03-16 14:00:00,33.3
2022-03-16 15:00:00,37.19
2022-03-16 16:00:00,38.3
2022-03-16 17:00:00,40.16
2022-03-16 18:00:00,44.34
2022-03-16 19:00:00,44.43
2022-03-16 20:00:00,39.28
2022-03-16 21:00:00,32.88
2022-03-16 22:00:00,31.88
2022-03-16 23:00:00,50.11
2022-03-17 00:00:00,44.21
2022-03-17 01:00:00,42.36
2022-03-17 02:00:00,43.41
2022-03-17 03:00:00,47.41
2022-03-17 04:00:00,62.29
2022-03-17 05:00:00,77.41
2022-03-17 06:00:00,52.7
2022-03-17 07:00:00,59.71
2022-03-17 08:00:00,49.36
2022-03-17 09:00:00,46.75
2022-03-17 10:00:00,45.04
2022-03-17 11:00:00,45.41
2022-03-17 12:00:00,46.24
2022-03-17 13:00:00,51.73
2022-03-17 14:00:00,55.89
2022-03-17 15:00:00,58.82
2022-03-17 16:00:00,71.28
2022-03-17 17:00:00,83.26
2022-03-17 18:00:00,118.17
2022-03-17 19:00:00,113.38
2022-03-17 20:00:00,105.72
2022-03-17 21:00:00,79.29
2022-03-17 22:00:00,67.56
2022-03-17 23:00:00,59.65
2022-03-18 00:00:00,62.06
2022-03-18 01:00:00,64.31
2022-03-18 02:00:00,73.48
2022-03-18 03:00:00,80.88
2022-03-18 04:00:00,102.0
2022-03-18 05:00:00,64.17
2022-03-18 06:00:00,51.21
2022-03-18 07:00:00,47.5
2022-03-18 08:00:00,43.2
2022-03-18 09:00:00,40.46
2022-03-18 10:00:00,37.25
2022-03-18 11:00:00,35.75
2022-03-18 12:00:00,31.96
2022-03-18 13:00:00,28.64
2022-03-18 14:00:00,29.21
2022-03-18 15:00:00,33.72
2022-03-18 16:00:00,39.37
2022-03-18 17:00:00,45.68
2022-03-18 18:00:00,45.31
2022-03-18 19:00:00,46.22
2022-03-18 20:00:00,46.35
2022-03-18 21:00:00,43.78
2022-03-18 22:00:00,39.35
2022-03-18 23:00:00,39.46
2022-03-19 00:00:00,37.4
2022-03-19 01:00:00,34.9
2022-03-19 02:00:00,40.62
2022-03-19 03:00:00,45.16
2022-03-19 04:00:00,51.96
2022-03-19 05:00:00,75.57
2022-03-19 06:00:00,46.03
2022-03-19 07:00:00,31.42
2022-03-19 08:00:00,27.05
2022-03-19 09:00:00,26.38
2022-03-19 10:00:00,20.16
2022-03-19 11:00:00,18.02
2022-03-19 12:00:00,16.14
2022-03-19 13:00:00,18.32
2022-03-19 14:00:00,17.36
2022-03-19 15:00:00,18.78
2022-03-19 16:00:00,27.61
2022-03-19 17:00:00,39.07
2022-03-19 18:00:00,36.29
2022-03-19 19:00:00,26.99
2022-03-19 20:00:00,26.5
2022-03-19 21:00:00,25.57
2022-03-19 22:00:00,19.57
2022-03-19 23:00:00,17.82
2022-03-20 00:00:00,18.79
2022-03-20 01:00:00,24.28
2022-03-20 02:00:00,31.02
2022-03-20 03:00:00,35.58
2022-03-20 04:00:00,59.87
2022-03-20 05:00:00,119.07
2022-03-20 06:00:00,73.01
2022-03-20 07:00:00,50.78
2022-03-20 08:00:00,27.81
2022-03-20 09:00:00,25.87
2022-03-20 10:00:00,24.16
2022-03-20 11:00:00,22.87
2022-03-20 12:00:00,15.38
2022-03-20 13:00:00,16.07
2022-03-20 14:00:00,18.84
2022-03-20 15:00:00,21.69
2022-03-20 16:00:00,38.22
2022-03-20 17:00:00,47.07
2022-03-20 18:00:00,40.49
2022-03-20 19:00:00,37.33
2022-03-20 20:00:00,36.98
2022-03-20 21:00:00,37.15
2022-03-20 22:00:00,27.22
2022-03-20 23:00:00,22.57
2022-03-21 00:00:00,21.0
2022-03-21 01:00:00,30.94
2022-03-21 02:00:00,37.23
2022-03-21 03:00:00,52.9
2022-03-21 04:00:00,88.49
2022-03-21 05:00:00,108.25
2022-03-21 06:00:00,72.5
2022-03-21 07:00:00,38.95
2022-03-21 08:00:00,28.22
2022-03-21 09:00:00,24.58
2022-03-21 10:00:00,22.28
2022-03-21 11:00:00,20.65
2022-03-21 12:00:00,20.24
2022-03-21 13:00:00,18.99
2022-03-21 14:00:00,19.96
2022-03-21 15:00:00,24.53
2022-03-21 16:00:00,36.64
2022-03-21 17:00:00,39.05
2022-03-21 18:00:00,45.81
2022-03-21 19:00:00,42.84
2022-03-21 20:00:00,42.06
2022-03-21 21:00:00,41.66
2022-03-21 22:00:00,43.91
2022-03-21 23:00:00,20.24
2022-03-22 00:00:00,14.33
2022-03-22 01:00:00,10.61
2022-03-22 02:00:00,20.96
2022-03-22 03:00:00,15.74
2022-03-22 04:00:00,13.71
2022-03-22 05:00:00,25.73
2022-03-22 06:00:00,25.77
2022-03-22 07:00:00,17.83
2022-03-22 08:00:00,17.38
2022-03-22 09:00:00,20.66
2022-03-22 10:00:00,22.23
2022-03-22 11:00:00,19.77
2022-03-22 12:00:00,14.74
2022-03-22 13:00:00,17.64
2022-03-22 14:00:00,14.97
2022-03-22 15:00:00,18.01
2022-03-22 16:00:00,26.61
2022-03-22 17:00:00,29.52
2022-03-22 18:00:00,29.78
2022-03-22 19:00:00,27.33
2022-03-22 20:00:00,21.59
2022-03-22 21:00:00,20.07
2022-03-22 22:00:00,14.67
2022-03-22 23:00:00,13.14
2022-03-23 00:00:00,14.9
2022-03-23 01:00:00,31.31
2022-03-23 02:00:00,25.17
2022-03-23 03:00:00,27.68
2022-03-23 04:00:00,61.32
2022-03-23 05:00:00,49.54
2022-03-23 06:00:00,44.54
2022-03-23 07:00:00,36.67
2022-03-23 08:00:00,25.68
2022-03-23 09:00:00,17.05
2022-03-23 10:00:00,14.83
2022-03-23 11:00:00,14.41
2022-03-23 12:00:00,13.06
2022-03-23 13:00:00,13.5
2022-03-23 14:00:00,16.17
2022-03-23 15:00:00,23.52
2022-03-23 16:00:00,30.45
2022-03-23 17:00:00,37.15
2022-03-23 18:00:00,39.75
2022-03-23 19:00:00,41.5
2022-03-23 20:00:00,33.68
2022-03-23 21:00:00,31.8
2022-03-23 22:00:00,29.34
2022-03-23 23:00:00,30.79
2022-03-24 00:00:00,23.29
2022-03-24 01:00:00,17.76
2022-03-24 02:00:00,20.2
2022-03-24 03:00:00,31.24
2022-03-24 04:00:00,72.31
2022-03-24 05:00:00,80.88
2022-03-24 06:00:00,57.78
2022-03-24 07:00:00,36.77
2022-03-24 08:00:00,16.01
2022-03-24 09:00:00,14.16
2022-03-24 10:00:00,14.2
2022-03-24 11:00:00,12.05
2022-03-24 12:00:00,12.79
2022-03-24 13:00:00,13.42
2022-03-24 14:00:00,16.37
2022-03-24 15:00:00,20.61
2022-03-24 16:00:00,24.52
2022-03-24 17:00:00,22.9
2022-03-24 18:00:00,27.51
2022-03-24 19:00:00,21.82
2022-03-24 20:00:00,19.93
2022-03-24 21:00:00,13.86
2022-03-24 22:00:00,5.83
2022-03-24 23:00:00,12.88
2022-03-25 00:00:00,21.44
2022-03-25 01:00:00,29.0
2022-03-25 02:00:00,30.83
2022-03-25 03:00:00,50.19
2022-03-25 04:00:00,44.68
2022-03-25 05:00:00,35.64
2022-03-25 06:00:00,26.3
2022-03-25 07:00:00,14.7
2022-03-25 08:00:00,11.35
2022-03-25 09:00:00,11.79
2022-03-25 10:00:00,12.68
2022-03-25 11:00:00,16.71
2022-03-25 12:00:00,25.92
2022-03-25 13:00:00,17.51
2022-03-25 14:00:00,17.21
2022-03-25 15:00:00,17.72
2022-03-25 16:00:00,21.79
2022-03-25 17:00:00,18.04
2022-03-25 18:00:00,13.03
2022-03-25 19:00:00,22.61
2022-03-25 20:00:00,25.69
2022-03-25 21:00:00,32.42
2022-03-25 22:00:00,27.74
2022-03-25 23:00:00,20.93
2022-03-26 00:00:00,15.13
2022-03-26 01:00:00,25.64
2022-03-26 02:00:00,34.67
2022-03-26 03:00:00,78.16
2022-03-26 04:00:00,61.58
2022-03-26 05:00:00,69.04
2022-03-26 06:00:00,56.95
2022-03-26 07:00:00,24.89
2022-03-26 08:00:00,18.43
2022-03-26 09:00:00,12.96
2022-03-26 10:00:00,12.3
2022-03-26 11:00:00,11.4
2022-03-26 12:00:00,9.38
2022-03-26 13:00:00,12.04
2022-03-26 14:00:00,16.14
2022-03-26 15:00:00,17.63
2022-03-26 16:00:00,19.39
2022-03-26 17:00:00,17.19
2022-03-26 18:00:00,16.78
2022-03-26 19:00:00,14.28
2022-03-26 20:00:00,21.01
2022-03-26 21:00:00,14.81
2022-03-26 22:00:00,23.81
2022-03-26 23:00:00,20.05
2022-03-27 00:00:00,6.72
2022-03-27 01:00:00,14.0
2022-03-27 02:00:00,15.92
2022-03-27 03:00:00,15.89
2022-03-27 04:00:00,22.27
2022-03-27 05:00:00,29.0
2022-03-27 06:00:00,23.89
2022-03-27 07:00:00,18.14
2022-03-27 08:00:00,10.39
2022-03-27 09:00:00,9.7
2022-03-27 10:00:00,9.68
2022-03-27 11:00:00,9.39
2022-03-27 12:00:00,9.61
2022-03-27 13:00:00,8.52
2022-03-27 14:00:00,10.61
2022-03-27 15:00:00,13.08
2022-03-27 16:00:00,20.37
2022-03-27 17:00:00,28.62
2022-03-27 18:00:00,37.28
2022-03-27 19:00:00,31.44
2022-03-27 20:00:00,22.31
2022-03-27 21:00:00,15.95
2022-03-27 22:00:00,16.76
2022-03-27 23:00:00,10.82
2022-03-28 00:00:00,11.7
2022-03-28 01:00:00,12.51
2022-03-28 02:00:00,20.67
2022-03-28 03:00:00,34.53
2022-03-28 04:00:00,33.05
2022-03-28 05:00:00,34.89
2022-03-28 06:00:00,28.72
2022-03-28 07:00:00,24.75
2022-03-28 08:00:00,25.43
2022-03-28 09:00:00,22.51
2022-03-28 10:00:00,15.32
2022-03-28 11:00:00,9.9
2022-03-28 12:00:00,19.05
2022-03-28 13:00:00,24.81
2022-03-28 14:00:00,22.16
2022-03-28 15:00:00,19.65
2022-03-28 16:00:00,22.48
2022-03-28 17:00:00,23.93
2022-03-28 18:00:00,28.22
2022-03-28 19:00:00,24.84
2022-03-28 20:00:00,26.35
2022-03-28 21:00:00,28.49
2022-03-28 22:00:00,35.6
2022-03-28 23:00:00,36.27
2022-03-29 00:00:00,39.8
2022-03-29 01:00:00,35.91
2022-03-29 02:00:00,34.06
2022-03-29 03:00:00,47.12
2022-03-29 04:00:00,49.58
2022-03-29 05:00:00,57.56
2022-03-29 06:00:00,56.68
2022-03-29 07:00:00,45.44
2022-03-29 08:00:00,59.92
2022-03-29 09:00:00,49.13
2022-03-29 10:00:00,42.28
2022-03-29 11:00:00,34.59
2022-03-29 12:00:00,31.81
2022-03-29 13:00:00,27.66
2022-03-29 14:00:00,25.09
2022-03-29 15:00:00,29.53
2022-03-29 16:00:00,35.58
2022-03-29 17:00:00,32.81
2022-03-29 18:00:00,34.97
2022-03-29 19:00:00,57.17
2022-03-29 20:00:00,15.99
2022-03-29 21:00:00,10.93
2022-03-29 22:00:00,13.07
2022-03-29 23:00:00,
2022-03-30 00:00:00,
2022-03-30 01:00:00,
2022-03-30 02:00:00,
2022-03-30 03:00:00,27.03
2022-03-30 04:00:00,
2022-03-30 05:00:00,44.17
2022-03-30 06:00:00,42.53
2022-03-30 07:00:00,31.29
2022-03-30 08:00:00,30.15
2022-03-30 09:00:00,22.92
2022-03-30 10:00:00,22.15
2022-03-30 11:00:00,20.01
2022-03-30 12:00:00,17.77
2022-03-30 13:00:00,15.58
2022-03-30 14:00:00,16.62
2022-03-30 15:00:00,16.03
2022-03-30 16:00:00,24.43
2022-03-30 17:00:00,29.07
2022-03-30 18:00:00,28.24
2022-03-30 19:00:00,26.63
2022-03-30 20:00:00,32.98
2022-03-30 21:00:00,15.01
2022-03-30 22:00:00,8.26
2022-03-30 23:00:00,10.89
2022-03-31 00:00:00,13.17
2022-03-31 01:00:00,14.56
2022-03-31 02:00:00,21.14
2022-03-31 03:00:00,25.13
2022-03-31 04:00:00,34.76
2022-03-31 05:00:00,34.71
2022-03-31 06:00:00,27.0
2022-03-31 07:00:00,15.71
2022-03-31 08:00:00,12.88
2022-03-31 09:00:00,12.31
2022-03-31 10:00:00,12.86
2022-03-31 11:00:00,13.57
2022-03-31 12:00:00,14.18
2022-03-31 13:00:00,14.9
2022-03-31 14:00:00,19.34
2022-03-31 15:00:00,20.19
2022-03-31 16:00:00,28.65
2022-03-31 17:00:00,37.84
2022-03-31 18:00:00,33.7
2022-03-31 19:00:00,35.2
2022-03-31 20:00:00,33.42
2022-03-31 21:00:00,28.09
2022-03-31 22:00:00,21.96
2022-03-31 23:00:00,21.09
2022-04-03 09:00:00,10.97
2022-04-03 10:00:00,13.05
2022-04-03 11:00:00,17.41
2022-04-03 12:00:00,17.51
2022-04-03 13:00:00,16.86
2022-04-03 14:00:00,14.32
2022-04-03 15:00:00,18.35
2022-04-03 16:00:00,26.79
2022-04-03 17:00:00,31.07
2022-04-03 18:00:00,35.26
2022-04-03 19:00:00,32.28
2022-04-03 20:00:00,28.08
2022-04-03 21:00:00,29.62
2022-04-03 22:00:00,40.59
2022-04-03 23:00:00,33.8
2022-04-04 00:00:00,22.41
2022-04-04 01:00:00,20.35
2022-04-04 02:00:00,20.86
2022-04-04 03:00:00,23.65
2022-04-04 04:00:00,49.09
2022-04-04 05:00:00,56.27
2022-04-04 06:00:00,47.15
2022-04-04 07:00:00,32.89
2022-04-04 08:00:00,24.91
2022-04-04 09:00:00,26.67
2022-04-04 10:00:00,23.3
2022-04-04 11:00:00,21.61
2022-04-04 12:00:00,17.99
2022-04-04 13:00:00,15.4
2022-04-04 14:00:00,14.29
2022-04-04 15:00:00,18.92
2022-04-04 16:00:00,41.52
2022-04-04 17:00:00,41.93
2022-04-04 18:00:00,40.8
2022-04-04 19:00:00,35.1
2022-04-04 20:00:00,36.14
2022-04-04 21:00:00,31.29
2022-04-04 22:00:00,30.88
2022-04-04 23:00:00,28.83
2022-04-05 00:00:00,38.27
2022-04-05 01:00:00,40.35
2022-04-05 02:00:00,41.97
2022-04-05 03:00:00,34.0
2022-04-05 04:00:00,35.67
2022-04-05 05:00:00,40.51
2022-04-05 06:00:00,31.35
2022-04-05 07:00:00,33.56
2022-04-05 08:00:00,25.7
2022-04-05 09:00:00,23.16
2022-04-05 10:00:00,24.91
2022-04-05 11:00:00,20.16
2022-04-05 12:00:00,15.69
2022-04-05 13:00:00,14.93
2022-04-05 14:00:00,17.48
2022-04-05 15:00:00,18.11
2022-04-05 16:00:00,33.98
2022-04-05 17:00:00,48.52
2022-04-05 18:00:00,47.17
2022-04-05 19:00:00,45.11
2022-04-05 20:00:00,38.61
2022-04-05 21:00:00,37.88
2022-04-05 22:00:00,29.39
2022-04-05 23:00:00,21.47
2022-04-06 00:00:00,18.68
2022-04-06 01:00:00,27.03
2022-04-06 02:00:00,39.78
2022-04-06 03:00:00,44.03
2022-04-06 04:00:00,51.45
2022-04-06 05:00:00,34.64
2022-04-06 06:00:00,15.02
2022-04-06 07:00:00,12.67
2022-04-06 08:00:00,11.92
2022-04-06 09:00:00,12.69
2022-04-06 10:00:00,14.69
2022-04-06 11:00:00,11.1
2022-04-06 12:00:00,11.13
2022-04-06 13:00:00,12.31
2022-04-06 14:00:00,16.35
2022-04-06 15:00:00,22.91
2022-04-06 16:00:00,36.11
2022-04-06 17:00:00,32.79
2022-04-06 18:00:00,29.63
2022-04-06 19:00:00,27.98
2022-04-06 20:00:00,27.71
2022-04-06 21:00:00,25.02
2022-04-06 22:00:00,31.99
2022-04-06 23:00:00,30.64
2022-04-07 00:00:00,6.72
2022-04-07 01:00:00,11.6
2022-04-07 02:00:00,6.88
2022-04-07 03:00:00,17.66
2022-04-07 04:00:00,43.71
2022-04-07 05:00:00,54.17
2022-04-07 06:00:00,41.95
2022-04-07 07:00:00,23.64
2022-04-07 08:00:00,17.26
2022-04-07 09:00:00,15.79
2022-04-07 10:00:00,8.23
2022-04-07 11:00:00,12.59
2022-04-07 12:00:00,11.37
2022-04-07 13:00:00,11.43
2022-04-07 14:00:00,13.92
2022-04-07 15:00:00,25.1
2022-04-07 16:00:00,35.69
2022-04-07 17:00:00,37.31
2022-04-07 18:00:00,32.36
2022-04-07 19:00:00,31.5
2022-04-07 20:00:00,31.07
2022-04-07 21:00:00,24.73
2022-04-07 22:00:00,31.92
2022-04-07 23:00:00,43.06
2022-04-08 00:00:00,45.88
2022-04-08 01:00:00,40.5
2022-04-08 02:00:00,38.45
2022-04-08 03:00:00,41.71
2022-04-08 04:00:00,37.73
2022-04-08 05:00:00,43.05
2022-04-08 06:00:00,54.11
2022-04-08 07:00:00,50.42
2022-04-08 08:00:00,27.58
2022-04-08 09:00:00,16.45
2022-04-08 10:00:00,14.87
2022-04-08 11:00:00,19.05
2022-04-08 12:00:00,13.89
2022-04-08 13:00:00,11.76
2022-04-08 14:00:00,18.02
2022-04-08 15:00:00,24.91
2022-04-08 16:00:00,30.38
2022-04-08 17:00:00,33.38
2022-04-08 18:00:00,36.02
2022-04-08 19:00:00,36.21
2022-04-08 20:00:00,34.25
2022-04-08 21:00:00,26.8
2022-04-08 22:00:00,24.71
2022-04-08 23:00:00,27.37
2022-04-09 00:00:00,21.54
2022-04-09 01:00:00,23.51
2022-04-09 02:00:00,24.32
2022-04-09 03:00:00,46.73
2022-04-09 04:00:00,44.57
2022-04-09 05:00:00,59.58
2022-04-09 06:00:00,39.3
2022-04-09 13:00:00,23.33
2022-04-09 14:00:00,26.55
2022-04-09 15:00:00,25.93
2022-04-09 16:00:00,35.86
2022-04-09 17:00:00,35.18
2022-04-09 18:00:00,31.57
2022-04-09 19:00:00,30.59
2022-04-09 20:00:00,30.52
2022-04-09 21:00:00,35.25
2022-04-09 22:00:00,32.54
2022-04-09 23:00:00,25.44
2022-04-10 00:00:00,26.31
2022-04-10 01:00:00,25.42
2022-04-10 02:00:00,24.58
2022-04-10 03:00:00,39.65
2022-04-10 04:00:00,40.69
2022-04-10 05:00:00,39.15
2022-04-10 06:00:00,25.71
2022-04-10 07:00:00,18.8
2022-04-10 08:00:00,16.67
2022-04-10 09:00:00,13.22
2022-04-10 10:00:00,11.64
2022-04-10 11:00:00,11.31
2022-04-10 12:00:00,10.38
2022-04-10 13:00:00,11.56
2022-04-10 14:00:00,20.24
2022-04-10 15:00:00,31.74
2022-04-10 16:00:00,30.82
2022-04-10 17:00:00,30.38
2022-04-10 18:00:00,25.58
2022-04-10 19:00:00,25.23
2022-04-10 20:00:00,22.44
2022-04-10 21:00:00,31.4
2022-04-10 22:00:00,26.11
2022-04-10 23:00:00,21.4
2022-04-11 00:00:00,13.16
2022-04-11 01:00:00,14.46
2022-04-11 02:00:00,20.97
2022-04-11 03:00:00,17.64
2022-04-11 04:00:00,20.65
2022-04-11 05:00:00,25.47
2022-04-11 06:00:00,23.23
2022-04-11 07:00:00,16.03
2022-04-11 08:00:00,14.47
2022-04-11 09:00:00,11.93
2022-04-11 10:00:00,11.8
2022-04-11 11:00:00,11.37
2022-04-11 12:00:00,10.43
2022-04-11 13:00:00,11.83
2022-04-11 14:00:00,11.19
2022-04-11 15:00:00,14.07
2022-04-11 16:00:00,22.65
2022-04-11 17:00:00,22.51
2022-04-11 18:00:00,21.82
2022-04-11 19:00:00,17.47
2022-04-11 20:00:00,20.69
2022-04-11 21:00:00,22.53
2022-04-11 22:00:00,11.92
2022-04-11 23:00:00,10.67
2022-04-12 00:00:00,11.64
2022-04-12 01:00:00,13.06
2022-04-12 02:00:00,22.31
2022-04-12 03:00:00,32.49
2022-04-12 04:00:00,25.65
2022-04-12 05:00:00,25.8
2022-04-12 06:00:00,23.76
2022-04-12 07:00:00,28.5
2022-04-12 08:00:00,25.38
2022-04-12 09:00:00,24.24
2022-04-12 10:00:00,29.73
2022-04-12 11:00:00,31.86
2022-04-12 12:00:00,37.06
2022-04-12 13:00:00,41.45
2022-04-12 14:00:00,38.67
2022-04-12 15:00:00,26.7
2022-04-13 04:00:00,30.41
2022-04-13 05:00:00,22.62
2022-04-13 06:00:00,30.44
2022-04-13 07:00:00,47.6
2022-04-13 08:00:00,47.85
2022-04-13 09:00:00,41.74
2022-04-13 10:00:00,38.12
2022-04-13 11:00:00,25.28
2022-04-13 12:00:00,15.73
2022-04-13 13:00:00,14.01
2022-04-13 14:00:00,17.22
2022-04-13 15:00:00,24.74
2022-04-13 16:00:00,36.99
2022-04-13 17:00:00,55.81
2022-04-13 18:00:00,58.14
2022-04-13 19:00:00,55.51
2022-04-13 20:00:00,44.16
2022-04-13 21:00:00,38.96
2022-04-13 22:00:00,35.51
2022-04-13 23:00:00,40.09
2022-04-14 00:00:00,41.64
2022-04-14 01:00:00,34.64
2022-04-14 02:00:00,36.24
2022-04-14 03:00:00,49.42
2022-04-14 04:00:00,86.3
2022-04-14 05:00:00,37.99
2022-04-14 06:00:00,21.18
2022-04-14 07:00:00,17.43
2022-04-14 08:00:00,13.53
2022-04-14 09:00:00,12.24
2022-04-14 10:00:00,13.13
2022-04-14 11:00:00,7.46
2022-04-14 12:00:00,29.18
2022-04-14 13:00:00,23.36
2022-04-14 14:00:00,38.79
2022-04-14 15:00:00,35.26
2022-04-14 16:00:00,32.34
2022-04-14 17:00:00,42.87
2022-04-14 18:00:00,39.17
2022-04-14 19:00:00,25.74
2022-04-14 20:00:00,14.9
2022-04-14 21:00:00,7.63
2022-04-14 22:00:00,4.56
2022-04-14 23:00:00,5.58
2022-04-15 00:00:00,5.6
2022-04-15 01:00:00,3.42
2022-04-15 02:00:00,7.59
2022-04-15 03:00:00,16.47
2022-04-15 04:00:00,28.36
2022-04-15 05:00:00,25.91
2022-04-15 06:00:00,27.36
2022-04-15 07:00:00,27.79
2022-04-15 08:00:00,14.86
2022-04-15 09:00:00,8.76
2022-04-15 10:00:00,10.97
2022-04-15 11:00:00,9.26
2022-04-15 12:00:00,7.21
2022-04-15 13:00:00,7.62
2022-04-15 14:00:00,10.71
2022-04-15 15:00:00,15.47
2022-04-15 16:00:00,26.27
2022-04-15 17:00:00,38.1
2022-04-15 18:00:00,39.99
2022-04-15 19:00:00,37.24
2022-04-15 20:00:00,33.07
2022-04-15 21:00:00,31.9
2022-04-15 22:00:00,30.28
2022-04-15 23:00:00,8.22
2022-04-16 00:00:00,2.01
2022-04-16 01:00:00,3.01
2022-04-16 02:00:00,3.52
2022-04-16 03:00:00,7.29
2022-04-16 04:00:00,9.54
2022-04-16 05:00:00,11.92
2022-04-16 06:00:00,13.06
2022-04-16 07:00:00,17.8
2022-04-16 08:00:00,18.49
2022-04-16 09:00:00,24.6
2022-04-16 10:00:00,20.33
2022-04-16 11:00:00,10.65
2022-04-16 12:00:00,11.18
2022-04-16 13:00:00,9.88
2022-04-16 14:00:00,18.07
2022-04-16 15:00:00,22.97
2022-04-16 16:00:00,39.24
2022-04-16 17:00:00,46.05
2022-04-16 18:00:00,58.75
2022-04-16 19:00:00,70.59
2022-04-16 20:00:00,90.79
2022-04-16 21:00:00,103.33
2022-04-16 22:00:00,34.65
2022-04-16 23:00:00,19.65
2022-04-17 00:00:00,22.37
2022-04-17 01:00:00,16.43
2022-04-17 02:00:00,32.67
2022-04-17 03:00:00,46.62
2022-04-17 04:00:00,48.71
2022-04-17 05:00:00,57.59
2022-04-17 06:00:00,37.42
2022-04-17 07:00:00,25.19
2022-04-17 08:00:00,23.39
2022-04-17 09:00:00,13.82
2022-04-17 10:00:00,9.59
2022-04-17 11:00:00,8.69
2022-04-17 12:00:00,7.12
2022-04-17 13:00:00,7.37
2022-04-17 14:00:00,8.66
2022-04-17 15:00:00,9.95
2022-04-17 16:00:00,18.03
2022-04-17 17:00:00,28.3
2022-04-17 18:00:00,33.13
2022-04-17 19:00:00,25.42
2022-04-17 20:00:00,17.49
2022-04-17 21:00:00,15.9
2022-04-17 22:00:00,18.48
2022-04-17 23:00:00,10.34
2022-04-18 00:00:00,27.03
2022-04-18 01:00:00,29.45
2022-04-18 02:00:00,27.57
2022-04-18 03:00:00,29.23
2022-04-18 04:00:00,64.33
2022-04-18 05:00:00,58.1
2022-04-18 06:00:00,14.93
2022-04-18 07:00:00,6.68
2022-04-18 08:00:00,6.19
2022-04-18 09:00:00,7.64
2022-04-18 10:00:00,9.08
2022-04-18 11:00:00,9.12
2022-04-18 12:00:00,14.18
2022-04-18 13:00:00,14.53
2022-04-18 14:00:00,12.93
2022-04-18 15:00:00,12.6
2022-04-18 16:00:00,24.95
2022-04-18 17:00:00,33.6
2022-04-18 18:00:00,35.66
2022-04-18 19:00:00,32.4
2022-04-18 20:00:00,35.77
2022-04-18 21:00:00,38.55
2022-04-18 22:00:00,34.02
2022-04-18 23:00:00,22.42
2022-04-19 00:00:00,22.66
2022-04-19 01:00:00,30.91
2022-04-19 02:00:00,13.42
2022-04-19 03:00:00,19.5
2022-04-19 04:00:00,33.18
2022-04-19 05:00:00,32.69
2022-04-19 06:00:00,15.65
2022-04-19 07:00:00,14.75
2022-04-19 08:00:00,10.28
2022-04-19 09:00:00,8.53
2022-04-19 10:00:00,9.19
2022-04-19 11:00:00,10.44
2022-04-19 12:00:00,8.71
2022-04-19 13:00:00,9.15
2022-04-19 14:00:00,9.87
2022-04-19 15:00:00,13.45
2022-04-19 16:00:00,19.0
2022-04-19 17:00:00,22.33
2022-04-19 18:00:00,20.82
2022-04-19 19:00:00,15.91
2022-04-19 20:00:00,20.34
2022-04-19 21:00:00,25.0
2022-04-19 22:00:00,16.06
2022-04-19 23:00:00,30.4
2022-04-20 00:00:00,16.81
2022-04-20 01:00:00,4.79
2022-04-20 02:00:00,2.12
2022-04-20 03:00:00,6.84
2022-04-20 04:00:00,11.98
2022-04-20 05:00:00,17.42
2022-04-20 06:00:00,16.43
2022-04-20 07:00:00,15.51
2022-04-20 08:00:00,20.86
2022-04-20 09:00:00,18.56
2022-04-20 10:00:00,11.99
2022-04-20 11:00:00,6.25
2022-04-20 12:00:00,5.2
2022-04-20 13:00:00,6.36
2022-04-20 14:00:00,8.73
2022-04-20 15:00:00,12.98
2022-04-20 16:00:00,20.31
2022-04-20 17:00:00,27.75
2022-04-20 18:00:00,29.98
2022-04-20 19:00:00,34.31
2022-04-20 20:00:00,41.51
2022-04-20 21:00:00,35.63
2022-04-20 22:00:00,33.52
2022-04-20 23:00:00,39.86
2022-04-21 00:00:00,33.84
2022-04-21 01:00:00,23.08
2022-04-21 02:00:00,3.12
2022-04-21 03:00:00,3.36
2022-04-21 04:00:00,7.1
2022-04-21 05:00:00,10.31
2022-04-21 06:00:00,13.26
2022-04-21 07:00:00,18.1
2022-04-21 08:00:00,19.15
2022-04-21 09:00:00,14.9
2022-04-21 10:00:00,12.46
2022-04-21 11:00:00,8.37
2022-04-21 12:00:00,7.01
2022-04-21 13:00:00,9.15
2022-04-21 14:00:00,13.11
2022-04-21 15:00:00,14.87
2022-04-21 16:00:00,19.03
2022-04-21 17:00:00,29.65
2022-04-21 18:00:00,36.82
2022-04-21 19:00:00,43.5
2022-04-21 20:00:00,40.64
2022-04-21 21:00:00,32.57
2022-04-21 22:00:00,40.68
2022-04-21 23:00:00,43.27
2022-04-22 00:00:00,41.82
2022-04-22 01:00:00,33.35
2022-04-22 02:00:00,34.49
2022-04-22 03:00:00,37.93
2022-04-22 04:00:00,32.08
2022-04-22 05:00:00,21.1
2022-04-22 06:00:00,12.99
2022-04-22 07:00:00,7.02
2022-04-22 08:00:00,7.66
2022-04-22 09:00:00,4.23
2022-04-22 10:00:00,3.38
2022-04-22 11:00:00,3.06
2022-04-22 12:00:00,5.24
2022-04-22 13:00:00,5.98
2022-04-22 14:00:00,8.8
2022-04-22 15:00:00,13.71
2022-04-22 16:00:00,21.12
2022-04-22 17:00:00,30.56
2022-04-22 18:00:00,33.82
2022-04-22 19:00:00,34.73
2022-04-22 20:00:00,40.86
2022-04-22 21:00:00,46.56
2022-04-22 22:00:00,36.98
2022-04-22 23:00:00,37.01
2022-04-23 00:00:00,38.61
2022-04-23 01:00:00,44.84
2022-04-23 02:00:00,38.64
2022-04-23 03:00:00,53.07
2022-04-23 04:00:00,68.29
2022-04-23 05:00:00,46.35
2022-04-23 06:00:00,28.69
2022-04-23 07:00:00,21.27
2022-04-23 08:00:00,30.71
2022-04-23 09:00:00,42.16
2022-04-23 10:00:00,32.54
2022-04-23 11:00:00,30.36
2022-04-23 12:00:00,29.3
2022-04-23 13:00:00,27.29
2022-04-23 14:00:00,28.41
2022-04-23 15:00:00,31.28
2022-04-23 16:00:00,34.84
2022-04-23 17:00:00,34.27
2022-04-23 18:00:00,29.73
2022-04-23 19:00:00,34.34
2022-04-23 20:00:00,40.86
2022-04-23 21:00:00,15.61
2022-04-23 22:00:00,21.67
2022-04-23 23:00:00,14.55
2022-04-24 00:00:00,7.06
2022-04-24 01:00:00,7.37
2022-04-24 02:00:00,11.47
2022-04-24 03:00:00,22.73
2022-04-24 04:00:00,22.62
2022-04-24 05:00:00,23.38
2022-04-24 06:00:00,18.67
2022-04-24 07:00:00,11.72
2022-04-24 08:00:00,22.18
2022-04-24 09:00:00,18.22
2022-04-24 10:00:00,8.3
2022-04-24 11:00:00,4.0
2022-04-24 12:00:00,6.26
2022-04-24 13:00:00,6.65
2022-04-24 14:00:00,6.08
2022-04-24 15:00:00,7.19
2022-04-24 16:00:00,17.81
2022-04-24 17:00:00,16.9
2022-04-24 18:00:00,25.77
2022-04-24 19:00:00,30.96
2022-04-24 20:00:00,28.32
2022-04-24 21:00:00,22.17
2022-04-24 22:00:00,26.98
2022-04-24 23:00:00,32.1
2022-04-25 00:00:00,27.7
2022-04-25 01:00:00,24.07
2022-04-25 02:00:00,14.88
2022-04-25 03:00:00,38.11
2022-04-25 04:00:00,68.52
2022-04-25 05:00:00,43.84
2022-04-25 06:00:00,17.61
2022-04-25 07:00:00,23.57
2022-04-25 08:00:00,21.73
2022-04-25 09:00:00,18.96
2022-04-25 10:00:00,15.48
2022-04-25 11:00:00,13.82
2022-04-25 12:00:00,8.66
2022-04-25 13:00:00,7.51
2022-04-25 14:00:00,8.2
2022-04-25 15:00:00,10.32
2022-04-25 16:00:00,29.24
2022-04-25 17:00:00,33.01
2022-04-25 18:00:00,62.43
2022-04-25 19:00:00,151.65
2022-04-25 20:00:00,89.79
2022-04-25 21:00:00,40.49
2022-04-25 22:00:00,41.76
2022-04-25 23:00:00,33.75
2022-04-26 00:00:00,27.6
2022-04-26 01:00:00,30.92
2022-04-26 02:00:00,16.9
2022-04-26 03:00:00,18.48
2022-04-26 04:00:00,33.09
2022-04-26 05:00:00,31.21
2022-04-26 06:00:00,35.35
2022-04-26 07:00:00,38.93
2022-04-26 08:00:00,44.2
2022-04-26 09:00:00,40.56
2022-04-26 10:00:00,43.37
2022-04-26 11:00:00,38.4
2022-04-26 12:00:00,37.01
2022-04-26 13:00:00,31.05
2022-04-26 14:00:00,27.56
2022-04-26 15:00:00,28.19
2022-04-26 16:00:00,38.97
2022-04-26 17:00:00,48.28
2022-04-27 11:00:00,21.74
2022-04-27 12:00:00,21.44
2022-04-27 13:00:00,13.59
2022-04-27 14:00:00,13.18
2022-04-27 15:00:00,21.14
2022-04-27 16:00:00,29.85
2022-04-27 17:00:00,42.48
2022-04-27 18:00:00,37.2
2022-04-27 19:00:00,44.48
2022-04-27 20:00:00,28.66
2022-04-27 21:00:00,13.14
2022-04-27 22:00:00,16.25
2022-04-27 23:00:00,28.79
2022-04-28 00:00:00,34.26
2022-04-28 01:00:00,37.11
2022-04-28 02:00:00,37.67
2022-04-28 03:00:00,43.72
2022-04-28 04:00:00,16.88
2022-04-28 05:00:00,16.06
2022-04-28 06:00:00,7.85
2022-04-28 07:00:00,7.25
2022-04-28 08:00:00,8.02
2022-04-28 09:00:00,6.48
2022-04-28 10:00:00,8.06
2022-04-28 11:00:00,6.52
2022-05-02 10:00:00,5.13
2022-05-02 11:00:00,4.21
2022-05-02 12:00:00,4.26
2022-05-02 13:00:00,4.77
2022-05-02 14:00:00,4.58
2022-05-02 15:00:00,5.87
2022-05-02 16:00:00,14.21
2022-05-02 17:00:00,19.15
2022-05-02 18:00:00,26.3
2022-05-02 19:00:00,32.02
2022-05-02 20:00:00,38.31
2022-05-02 21:00:00,29.81
2022-05-02 22:00:00,15.6
2022-05-02 23:00:00,17.99
2022-05-03 00:00:00,76.34
2022-05-03 01:00:00,42.8
2022-05-03 02:00:00,17.55
2022-05-03 03:00:00,11.27
2022-05-03 04:00:00,20.66
2022-05-03 05:00:00,12.24
2022-05-03 06:00:00,6.39
2022-05-03 07:00:00,8.6
2022-05-03 08:00:00,5.15
2022-05-03 09:00:00,7.75
2022-05-03 10:00:00,5.03
2022-05-03 11:00:00,4.67
2022-05-03 12:00:00,3.84
2022-05-03 13:00:00,3.69
2022-05-03 14:00:00,7.01
2022-05-03 15:00:00,11.41
2022-05-03 16:00:00,15.28
2022-05-03 17:00:00,22.12
2022-05-03 18:00:00,31.21
2022-05-03 19:00:00,28.36
2022-05-03 20:00:00,29.44
2022-05-03 21:00:00,25.78
2022-05-03 22:00:00,9.68
2022-05-03 23:00:00,7.28
2022-05-04 00:00:00,8.95
2022-05-04 01:00:00,11.28
2022-05-04 02:00:00,13.33
2022-05-04 03:00:00,21.73
2022-05-04 04:00:00,17.9
2022-05-04 05:00:00,21.77
2022-05-04 06:00:00,21.01
2022-05-04 07:00:00,12.44
2022-05-04 08:00:00,10.6
2022-05-04 09:00:00,10.37
2022-05-04 10:00:00,7.1
2022-05-04 11:00:00,8.86
2022-05-04 12:00:00,9.24
2022-05-04 23:00:00,11.36
2022-05-05 00:00:00,5.58
2022-05-05 01:00:00,7.6
2022-05-05 02:00:00,11.11
2022-05-05 03:00:00,37.33
2022-05-05 04:00:00,27.8
2022-05-05 05:00:00,27.99
2022-05-05 06:00:00,12.9
2022-05-05 07:00:00,11.01
2022-05-05 08:00:00,9.79
2022-05-05 09:00:00,8.61
2022-05-05 10:00:00,7.83
2022-05-05 11:00:00,8.2
2022-05-05 12:00:00,9.31
2022-05-05 13:00:00,8.3
2022-05-05 14:00:00,11.01
2022-05-05 15:00:00,18.08
2022-05-05 16:00:00,27.3
2022-05-05 17:00:00,29.26
2022-05-05 18:00:00,34.01
2022-05-05 19:00:00,18.89
2022-05-05 20:00:00,19.86
2022-05-05 21:00:00,15.61
2022-05-05 22:00:00,15.65
2022-05-05 23:00:00,14.15
2022-05-06 00:00:00,19.07
2022-05-06 01:00:00,23.72
2022-05-06 02:00:00,8.57
2022-05-06 03:00:00,10.22
2022-05-06 04:00:00,15.01
2022-05-06 05:00:00,23.33
2022-05-06 06:00:00,11.39
2022-05-06 07:00:00,8.61
2022-05-06 08:00:00,6.64
2022-05-06 09:00:00,5.78
2022-05-06 10:00:00,5.42
2022-05-06 11:00:00,5.1
2022-05-06 12:00:00,6.97
2022-05-06 13:00:00,6.89
2022-05-06 14:00:00,7.81
2022-05-06 15:00:00,10.56
2022-05-06 16:00:00,14.96
2022-05-06 17:00:00,21.39
2022-05-06 18:00:00,17.89
2022-05-06 19:00:00,16.68
2022-05-06 20:00:00,18.5
2022-05-06 21:00:00,26.94
2022-05-06 22:00:00,40.03
2022-05-06 23:00:00,30.98
2022-05-07 00:00:00,31.0
2022-05-07 01:00:00,26.62
2022-05-07 02:00:00,1.98
2022-05-07 03:00:00,6.2
2022-05-08 09:00:00,8.3
2022-05-08 10:00:00,8.16
2022-05-08 11:00:00,13.18
2022-05-09 08:00:00,14.49
2022-05-09 09:00:00,11.05
2022-05-09 10:00:00,10.96
2022-05-09 11:00:00,10.07
2022-05-09 12:00:00,8.08
2022-05-09 13:00:00,6.48
2022-05-09 14:00:00,7.28
2022-05-09 15:00:00,14.09
2022-05-09 16:00:00,33.4
2022-05-10 13:00:00,9.74
2022-05-10 14:00:00,11.78
2022-05-10 15:00:00,18.13
2022-05-10 16:00:00,23.47
2022-05-11 06:00:00,29.21
2022-05-12 08:00:00,12.64
2022-05-12 09:00:00,12.03
2022-05-12 10:00:00,13.12
2022-05-12 11:00:00,9.03
2022-05-12 12:00:00,11.77
2022-05-12 13:00:00,19.65
2022-05-14 08:00:00,15.49
2022-05-14 09:00:00,12.99
2022-05-14 10:00:00,13.99
2022-05-14 11:00:00,13.49
2022-05-14 12:00:00,14.37
2022-05-14 13:00:00,15.0
2022-05-14 14:00:00,17.3
2022-05-14 15:00:00,22.98
2022-05-14 16:00:00,28.76
2022-05-14 17:00:00,35.81
2022-05-14 18:00:00,41.47
2022-05-14 19:00:00,36.29
2022-05-14 20:00:00,32.1
2022-05-14 21:00:00,34.46
2022-05-14 22:00:00,29.87
2022-05-14 23:00:00,32.58
2022-05-15 00:00:00,35.38
2022-05-15 01:00:00,35.78
2022-05-16 10:00:00,15.25
2022-05-16 11:00:00,17.65
2022-05-18 10:00:00,10.55
2022-05-19 09:00:00,12.6
2022-05-19 10:00:00,13.11
2022-05-19 11:00:00,13.6
2022-05-19 12:00:00,16.45
2022-05-19 13:00:00,15.3
2022-05-19 14:00:00,15.16
2022-05-19 15:00:00,18.67
2022-05-19 16:00:00,27.44
2022-05-19 17:00:00,30.25
2022-05-19 18:00:00,30.09
2022-05-19 19:00:00,32.25
2022-05-19 20:00:00,24.3
2022-05-19 21:00:00,37.44
2022-05-19 22:00:00,43.28
2022-05-19 23:00:00,64.47
2022-05-20 00:00:00,58.1
2022-05-20 01:00:00,52.38
2022-05-20 02:00:00,50.16
2022-05-20 03:00:00,41.42
2022-05-20 04:00:00,96.84
2022-05-20 05:00:00,54.0
2022-05-20 06:00:00,23.87
2022-05-20 07:00:00,15.68
2022-05-20 08:00:00,12.21
2022-05-20 09:00:00,11.82
2022-05-20 10:00:00,9.64
2022-05-20 12:00:00,11.57
2022-05-20 15:00:00,22.81
2022-05-20 16:00:00,29.49
2022-05-20 17:00:00,43.05
2022-05-20 18:00:00,41.11
2022-05-20 19:00:00,38.03
2022-05-20 20:00:00,41.99
2022-05-20 21:00:00,37.04
2022-05-20 22:00:00,32.16
2022-05-20 23:00:00,26.25
2022-05-21 00:00:00,25.27
2022-05-21 01:00:00,31.06
2022-05-21 02:00:00,34.61
2022-05-21 03:00:00,17.05
2022-05-21 07:00:00,8.77
2022-05-21 08:00:00,11.35
2022-05-21 09:00:00,12.77
2022-05-21 10:00:00,13.18
2022-05-23 07:00:00,39.79
2022-05-23 08:00:00,19.77
2022-05-23 09:00:00,11.59
2022-05-23 10:00:00,8.9
2022-05-23 11:00:00,9.96
2022-05-23 12:00:00,13.85
2022-05-23 13:00:00,15.79
2022-05-23 14:00:00,19.45
2022-05-23 15:00:00,21.58
2022-05-23 16:00:00,25.62
2022-05-23 17:00:00,22.64
2022-05-23 18:00:00,19.96
2022-05-23 19:00:00,34.29
2022-05-23 20:00:00,30.35
2022-05-23 21:00:00,35.57
2022-05-23 22:00:00,35.88
2022-05-23 23:00:00,36.35
2022-05-24 00:00:00,54.06
2022-05-24 01:00:00,34.53
2022-05-24 02:00:00,40.82
2022-05-24 03:00:00,53.22
2022-05-24 04:00:00,45.98
2022-05-24 05:00:00,70.1
2022-05-24 06:00:00,69.33
2022-05-24 07:00:00,51.28
2022-05-24 08:00:00,30.22
2022-05-24 09:00:00,15.46
2022-05-24 10:00:00,12.66
2022-05-24 11:00:00,10.11
2022-05-24 12:00:00,9.73
2022-05-24 13:00:00,10.54
2022-05-24 14:00:00,15.49
2022-05-24 15:00:00,25.65
2022-05-24 16:00:00,35.09
2022-05-24 17:00:00,44.47
2022-05-24 18:00:00,46.1
2022-05-24 19:00:00,30.86
2022-05-24 20:00:00,20.52
2022-05-24 21:00:00,12.47
2022-05-24 22:00:00,6.5
2022-05-24 23:00:00,5.72
2022-05-25 00:00:00,5.89
2022-05-25 01:00:00,7.64
2022-05-25 02:00:00,13.95
2022-05-25 03:00:00,17.61
2022-05-25 04:00:00,24.21
2022-05-25 05:00:00,29.69
2022-05-25 06:00:00,27.76
2022-05-25 07:00:00,29.22
2022-05-25 08:00:00,20.63
2022-05-25 09:00:00,23.55
2022-05-25 10:00:00,24.57
2022-05-25 11:00:00,23.88
2022-05-25 12:00:00,18.29
2022-05-25 13:00:00,18.21
2022-05-25 14:00:00,27.17
2022-05-25 15:00:00,33.42
2022-05-25 16:00:00,47.08
2022-05-25 17:00:00,70.37
2022-05-25 18:00:00,58.13
2022-05-25 19:00:00,48.93
2022-05-25 20:00:00,50.59
2022-05-25 21:00:00,50.1
2022-05-25 22:00:00,74.23
2022-05-25 23:00:00,75.46
2022-05-26 00:00:00,72.47
2022-05-26 01:00:00,56.63
2022-05-26 02:00:00,64.5
2022-05-26 03:00:00,59.3
2022-05-26 04:00:00,60.55
2022-05-26 05:00:00,66.16
2022-05-26 06:00:00,63.54
2022-05-26 07:00:00,70.22
2022-05-26 08:00:00,50.1
2022-05-26 09:00:00,31.96
2022-05-26 10:00:00,30.18
2022-05-26 11:00:00,28.57
2022-05-26 12:00:00,16.8
2022-05-26 13:00:00,22.72
2022-05-26 14:00:00,47.45
2022-05-26 15:00:00,44.34
2022-05-31 04:00:00,46.1
2022-05-31 05:00:00,54.97
2022-05-31 06:00:00,18.12
2022-05-31 07:00:00,10.23
2022-05-31 08:00:00,9.85
2022-05-31 09:00:00,9.51
2022-05-31 10:00:00,9.89
2022-05-31 11:00:00,10.87
2022-05-31 12:00:00,10.44
2022-05-31 13:00:00,12.12
2022-05-31 14:00:00,13.54
2022-05-31 15:00:00,17.35
2022-05-31 16:00:00,25.52
2022-05-31 17:00:00,35.24
2022-05-31 18:00:00,40.92
2022-05-31 19:00:00,34.41
2022-05-31 20:00:00,30.16
2022-05-31 21:00:00,28.15
2022-05-31 22:00:00,29.57
2022-05-31 23:00:00,28.54
2022-06-01 00:00:00,30.78
2022-06-01 01:00:00,29.92
2022-06-01 02:00:00,39.61
2022-06-01 03:00:00,46.48
2022-06-01 04:00:00,46.03
2022-06-01 05:00:00,34.68
2022-06-01 06:00:00,15.85
2022-06-01 07:00:00,9.38
2022-06-01 08:00:00,9.45
2022-06-01 09:00:00,8.86
2022-06-01 10:00:00,9.5
2022-06-01 11:00:00,9.85
2022-06-01 12:00:00,14.52
2022-06-01 13:00:00,25.28
2022-06-01 14:00:00,26.01
2022-06-01 15:00:00,31.83
2022-06-01 16:00:00,38.4
2022-06-02 16:00:00,25.37
2022-06-02 17:00:00,33.6
2022-06-02 18:00:00,32.75
2022-06-02 19:00:00,26.02
2022-06-02 20:00:00,14.97
2022-06-02 21:00:00,15.88
2022-06-02 22:00:00,17.2
2022-06-02 23:00:00,18.99
2022-06-03 00:00:00,20.13
2022-06-03 01:00:00,26.67
2022-06-03 02:00:00,14.36
2022-06-03 03:00:00,18.96
2022-06-03 04:00:00,35.76
2022-06-03 05:00:00,40.93
2022-06-03 06:00:00,17.34
2022-06-03 07:00:00,10.63
2022-06-03 08:00:00,11.4
2022-06-03 09:00:00,11.5
2022-06-03 10:00:00,10.23
2022-06-03 11:00:00,9.34
2022-06-03 12:00:00,9.75
2022-06-03 13:00:00,10.65
2022-06-03 14:00:00,13.64
2022-06-03 15:00:00,16.55
2022-06-03 16:00:00,26.74
2022-06-03 17:00:00,30.91
2022-06-03 18:00:00,34.4
2022-06-03 19:00:00,37.26
2022-06-03 20:00:00,36.3
2022-06-03 21:00:00,27.03
2022-06-03 22:00:00,17.56
2022-06-03 23:00:00,16.29
2022-06-04 00:00:00,18.35
2022-06-04 01:00:00,14.69
2022-06-04 02:00:00,24.88
2022-06-04 03:00:00,29.22
2022-06-04 04:00:00,42.01
2022-06-04 05:00:00,23.68
2022-06-04 06:00:00,11.99
2022-06-04 07:00:00,10.67
2022-06-04 08:00:00,11.11
2022-06-04 09:00:00,11.62
2022-06-04 10:00:00,12.79
2022-06-04 11:00:00,12.88
2022-06-04 12:00:00,13.71
2022-06-04 13:00:00,14.83
2022-06-08 03:00:00,10.47
2022-06-08 04:00:00,20.48
2022-06-08 05:00:00,24.04
2022-06-08 06:00:00,18.4
2022-06-08 07:00:00,13.33
2022-06-08 08:00:00,13.81
2022-06-08 09:00:00,16.85
2022-06-08 10:00:00,12.85
2022-06-08 11:00:00,9.44
2022-06-08 12:00:00,15.0
2022-06-08 13:00:00,10.1
2022-06-08 14:00:00,15.69
2022-06-08 15:00:00,15.17
2022-06-08 16:00:00,24.78
2022-06-08 17:00:00,32.49
2022-06-08 18:00:00,33.47
2022-06-08 19:00:00,49.75
2022-06-08 20:00:00,51.53
2022-06-08 21:00:00,52.72
2022-06-08 22:00:00,48.62
2022-06-08 23:00:00,53.15
2022-06-09 00:00:00,55.84
2022-06-09 01:00:00,45.34
2022-06-09 02:00:00,11.02
2022-06-09 03:00:00,18.05
2022-06-09 04:00:00,39.78
2022-06-09 05:00:00,48.14
2022-06-09 06:00:00,34.22
2022-06-09 07:00:00,16.41
2022-06-09 08:00:00,11.74
2022-06-09 09:00:00,14.27
2022-06-09 10:00:00,11.04
2022-06-09 11:00:00,9.41
2022-06-09 12:00:00,8.36
2022-06-09 13:00:00,7.9
2022-06-09 14:00:00,10.12
2022-06-09 15:00:00,14.63
2022-06-09 16:00:00,24.53
2022-06-09 17:00:00,33.34
2022-06-09 18:00:00,30.36
2022-06-09 19:00:00,32.74
2022-06-09 20:00:00,28.2
2022-06-09 21:00:00,26.47
2022-06-09 22:00:00,21.71
2022-06-09 23:00:00,25.99
2022-06-10 00:00:00,37.67
2022-06-10 01:00:00,36.12
2022-06-10 02:00:00,34.6
2022-06-10 03:00:00,41.2
2022-06-10 04:00:00,38.5
2022-06-10 05:00:00,38.73
2022-06-10 06:00:00,34.17
2022-06-10 07:00:00,43.09
2022-06-10 08:00:00,23.48
2022-06-10 09:00:00,10.87
2022-06-10 10:00:00,9.26
2022-06-10 11:00:00,9.38
2022-06-10 12:00:00,13.79
2022-06-10 13:00:00,14.12
2022-06-10 14:00:00,11.89
2022-06-10 15:00:00,19.01
2022-06-10 16:00:00,28.65
2022-06-10 17:00:00,38.65
2022-06-10 18:00:00,42.17
2022-06-10 19:00:00,46.46
2022-06-10 20:00:00,45.76
2022-06-10 21:00:00,55.67
2022-06-10 22:00:00,57.61
2022-06-10 23:00:00,42.43
2022-06-11 00:00:00,41.04
2022-06-11 01:00:00,25.56
2022-06-11 02:00:00,19.97
2022-06-11 03:00:00,22.65
2022-06-11 04:00:00,82.85
2022-06-11 05:00:00,72.73
2022-06-11 06:00:00,19.43
2022-06-11 07:00:00,14.95
2022-06-11 08:00:00,10.47
2022-06-11 09:00:00,10.73
2022-06-11 10:00:00,11.23
2022-06-11 11:00:00,10.95
2022-06-11 12:00:00,12.29
2022-06-11 13:00:00,12.73
2022-06-11 14:00:00,13.97
2022-06-11 15:00:00,18.41
2022-06-11 16:00:00,25.25
2022-06-11 17:00:00,33.71
2022-06-11 18:00:00,33.82
2022-06-11 19:00:00,32.83
2022-06-11 20:00:00,31.66
2022-06-11 21:00:00,29.11
2022-06-11 22:00:00,28.66
2022-06-11 23:00:00,25.12
2022-06-12 00:00:00,19.21
2022-06-12 01:00:00,16.04
2022-06-12 02:00:00,18.29
2022-06-12 03:00:00,35.22
2022-06-12 04:00:00,50.68
2022-06-12 05:00:00,40.87
2022-06-12 06:00:00,28.35
2022-06-12 07:00:00,17.01
2022-06-12 08:00:00,16.79
2022-06-12 09:00:00,20.23
2022-06-12 10:00:00,18.6
2022-06-12 11:00:00,15.48
2022-06-12 12:00:00,10.91
2022-06-15 11:00:00,26.74
2022-06-15 12:00:00,23.14
2022-06-15 13:00:00,19.84
2022-06-15 14:00:00,19.32
2022-06-15 15:00:00,27.13
2022-06-15 16:00:00,38.01
2022-06-15 17:00:00,46.44
2022-06-15 18:00:00,46.0
2022-06-15 19:00:00,40.69
2022-06-15 20:00:00,40.17
2022-06-15 21:00:00,46.74
2022-06-15 22:00:00,47.17
2022-06-15 23:00:00,33.46
2022-06-16 00:00:00,42.81
2022-06-16 01:00:00,48.97
2022-06-16 02:00:00,81.97
2022-06-16 03:00:00,55.7
2022-06-16 04:00:00,61.59
2022-06-16 05:00:00,77.41
2022-06-16 06:00:00,58.97
2022-06-16 07:00:00,47.67
2022-06-16 08:00:00,21.72
2022-06-16 09:00:00,35.85
2022-06-16 10:00:00,29.22
2022-06-16 11:00:00,23.44
2022-06-16 12:00:00,17.57
2022-06-16 13:00:00,15.94
2022-06-16 14:00:00,17.9
2022-06-16 15:00:00,23.6
2022-06-16 16:00:00,42.32
2022-06-16 17:00:00,49.12
2022-06-16 18:00:00,45.65
2022-06-16 19:00:00,43.67
2022-06-16 20:00:00,49.43
2022-06-16 21:00:00,50.71
2022-06-16 22:00:00,35.28
2022-06-16 23:00:00,37.43
2022-06-17 00:00:00,48.68
2022-06-17 01:00:00,66.58
2022-06-17 02:00:00,64.71
2022-06-17 03:00:00,50.76
2022-06-17 04:00:00,70.62
2022-06-17 05:00:00,86.07
2022-06-17 06:00:00,89.62
2022-06-17 07:00:00,41.03
2022-06-17 08:00:00,20.33
2022-06-17 09:00:00,23.32
2022-06-17 10:00:00,19.75
2022-06-17 11:00:00,18.85
2022-06-17 12:00:00,18.74
2022-06-17 13:00:00,17.45
2022-06-17 14:00:00,18.15
2022-06-17 15:00:00,20.51
2022-06-17 16:00:00,28.56
2022-06-17 17:00:00,31.43
2022-06-17 18:00:00,37.54
2022-06-17 19:00:00,42.12
2022-06-17 20:00:00,43.71
2022-06-17 21:00:00,41.82
2022-06-17 22:00:00,37.05
2022-06-17 23:00:00,33.49
2022-06-18 00:00:00,28.53
2022-06-18 01:00:00,29.14
2022-06-18 02:00:00,37.25
2022-06-18 03:00:00,36.36
2022-06-18 04:00:00,58.61
2022-06-18 05:00:00,59.59
2022-06-18 06:00:00,29.32
2022-06-18 07:00:00,23.06
2022-06-18 08:00:00,22.72
2022-06-18 09:00:00,15.79
2022-06-18 10:00:00,15.41
2022-06-18 11:00:00,18.93
2022-06-18 12:00:00,23.78
